DIACL_ID	DiACL ID	CONFIRM_MAPPING	COMMENTS	FORM	ENGLISH	CONCEPT	SOURCE
38200-3006-1	80559	yes		ahel	axle	AXLE	Buck,  C.,  D. (1949). A dictionary of selected synonyms in the principal Indo–European languages: a contribution to the history of ideas. Chicago: University of Chicago Press.;Michiel de Vaan. Etymological Dictionary of Latin and the other Italic Languages. Indo-European Etymological Dictionaries Online. Edited by Alexander Lubotsky. Brill. Brill Online.;Robert Farren,  PIE culture words collection,  2017,     note  Proto-Indo-European culture data compiled by Robert Farren,  migrated to the database.
38200-3034-1	71059	no	Meaning more like 'butter', accompanying concept would be BUTTER.	amann, amannen	grease	FAT (ORGANIC SUBSTANCE)	Matasović,  Ranko. Etymological Dictionary of Proto-Celtic. Indo-European Etymological Dictionaries Online. Edited by Alexander Lubotsky. Brill. Brill Online: http://iedo.brillonline.nl.ludwig.lub.lu.se/dictionaries/content/proto-celtic/index.html;Robert Farren,  PIE culture words collection,  2017,     note  Proto-Indo-European culture data compiled by Robert Farren,  migrated to the database.
38200-3031-1	84411	yes		aour	gold	GOLD	Buck,  C.,  D. (1949). A dictionary of selected synonyms in the principal Indo–European languages: a contribution to the history of ideas. Chicago: University of Chicago Press.;Michiel de Vaan. Etymological Dictionary of Latin and the other Italic Languages. Indo-European Etymological Dictionaries Online. Edited by Alexander Lubotsky. Brill. Brill Online.;Robert Farren,  PIE culture words collection,  2017,     note  Proto-Indo-European culture data compiled by Robert Farren,  migrated to the database.
38200-3017-2	83647	no	meaning bronze, Buck makes no difference between bronze/copper	aram	copper	COPPER	Buck,  C.,  D. (1949). A dictionary of selected synonyms in the principal Indo–European languages: a contribution to the history of ideas. Chicago: University of Chicago Press.;Robert Farren,  PIE culture words collection,  2017,     note  Proto-Indo-European culture data compiled by Robert Farren,  migrated to the database.
38200-3060-1	77876	yes		arar	plough (noun)	PLOUGH (INSTRUMENT)	Buck,  C.,  D. (1949). A dictionary of selected synonyms in the principal Indo–European languages: a contribution to the history of ideas. Chicago: University of Chicago Press.;Matasović,  Ranko. Etymological Dictionary of Proto-Celtic. Indo-European Etymological Dictionaries Online. Edited by Alexander Lubotsky. Brill. Brill Online: http://iedo.brillonline.nl.ludwig.lub.lu.se/dictionaries/content/proto-celtic/index.html;Robert Farren,  PIE culture words collection,  2017,     note  Proto-Indo-European culture data compiled by Robert Farren,  migrated to the database.
38200-3073-1	84024	yes		arc'hant	silver	SILVER	Matasović,  Ranko. Etymological Dictionary of Proto-Celtic. Indo-European Etymological Dictionaries Online. Edited by Alexander Lubotsky. Brill. Brill Online: http://iedo.brillonline.nl.ludwig.lub.lu.se/dictionaries/content/proto-celtic/index.html;Robert Farren,  PIE culture words collection,  2017,     note  Proto-Indo-European culture data compiled by Robert Farren,  migrated to the database.
38200-3008-1	62159	yes		arzh	bear	BEAR	Matasović,  Ranko. Etymological Dictionary of Proto-Celtic. Indo-European Etymological Dictionaries Online. Edited by Alexander Lubotsky. Brill. Brill Online: http://iedo.brillonline.nl.ludwig.lub.lu.se/dictionaries/content/proto-celtic/index.html;Robert Farren,  PIE culture words collection,  2017,     note  Proto-Indo-European culture data compiled by Robert Farren,  migrated to the database.
38200-1010-1	26655	yes		askorn	bone	BONE	The Intercontinental Dictionary Series. ids.clld.org
38200-3002-1	75386	yes		aval	apple	APPLE	Buck,  C.,  D. (1949). A dictionary of selected synonyms in the principal Indo–European languages: a contribution to the history of ideas. Chicago: University of Chicago Press.;Matasović,  Ranko. Etymological Dictionary of Proto-Celtic. Indo-European Etymological Dictionaries Online. Edited by Alexander Lubotsky. Brill. Brill Online: http://iedo.brillonline.nl.ludwig.lub.lu.se/dictionaries/content/proto-celtic/index.html;Robert Farren,  PIE culture words collection,  2017,     note  Proto-Indo-European culture data compiled by Robert Farren,  migrated to the database.
38200-1048-1	32773	yes		avu	liver	LIVER	The Intercontinental Dictionary Series. ids.clld.org
38200-1074-1	39012	yes		azezañ	to sit	SIT	The Intercontinental Dictionary Series. ids.clld.org
38200-1092-2	39034	yes		bale	to walk	WALK	The Intercontinental Dictionary Series. ids.clld.org
38200-3059-1	59830	yes		banò, banw	piglet	PIGLET	Matasović,  Ranko. Etymological Dictionary of Proto-Celtic. Indo-European Etymological Dictionaries Online. Edited by Alexander Lubotsky. Brill. Brill Online: http://iedo.brillonline.nl.ludwig.lub.lu.se/dictionaries/content/proto-celtic/index.html;Robert Farren,  PIE culture words collection,  2017,     note  Proto-Indo-European culture data compiled by Robert Farren,  migrated to the database.
38200-3007-1	73647	no	Lagadec, Matasovic: meaning is bread	bara	barley	BARLEY	Matasović,  Ranko. Etymological Dictionary of Proto-Celtic. Indo-European Etymological Dictionaries Online. Edited by Alexander Lubotsky. Brill. Brill Online: http://iedo.brillonline.nl.ludwig.lub.lu.se/dictionaries/content/proto-celtic/index.html;Jehan Lagadec. 1867. Le Catholicon de Iehan de Lagadeuc : dictionnaire breton,  français et latin publié par R. F. Le Men d'après l'édition de Me Auffret de Quoetqueveran. Lorient: Ed. Corfmat.,     note  Date of composition 1464. Source (said to be from 1867) available at http://bibliotheque.idbe-bzh.org/document.php?iddictionnaire-le-catholicon-1867-2830&lfr;Robert Farren,  PIE culture words collection,  2017,     note  Proto-Indo-European culture data compiled by Robert Farren,  migrated to the database.
38200-1079-1	39018	no	source yields sevel (correct mapping and translation) but bezan en e sav is not mentioned anywhere	bezan en e sav, sevel	to stand	STAND	Blažek,  Václav (2009). ”On the position of Gaulish within Celtic from the point of view of glottochronology”,  Indogermanische Forschungen. 114. Berlin: de Gruyter
38200-1077-1	39016	yes		bihan	small	SMALL	The Intercontinental Dictionary Series. ids.clld.org
38200-3018-2	54860	no	DiACL says cattle, Matasovic (source) does not contain it; Buck says cattle too	biou	cow	COW	Buck,  C.,  D. (1949). A dictionary of selected synonyms in the principal Indo–European languages: a contribution to the history of ideas. Chicago: University of Chicago Press.;Matasović,  Ranko. Etymological Dictionary of Proto-Celtic. Indo-European Etymological Dictionaries Online. Edited by Alexander Lubotsky. Brill. Brill Online: http://iedo.brillonline.nl.ludwig.lub.lu.se/dictionaries/content/proto-celtic/index.html;Robert Farren,  PIE culture words collection,  2017,     note  Proto-Indo-European culture data compiled by Robert Farren,  migrated to the database.
38200-3092-1	62134	yes		bleiz	wolf	WOLF	Matasović,  Ranko. Etymological Dictionary of Proto-Celtic. Indo-European Etymological Dictionaries Online. Edited by Alexander Lubotsky. Brill. Brill Online: http://iedo.brillonline.nl.ludwig.lub.lu.se/dictionaries/content/proto-celtic/index.html;Robert Farren,  PIE culture words collection,  2017,     note  Proto-Indo-European culture data compiled by Robert Farren,  migrated to the database.
38200-1036-1	32761	yes		bleo	hair (of head)	HAIR (HEAD)	The Intercontinental Dictionary Series. ids.clld.org
38200-3087-3	73526	no	Matasovic: translation is flowers	bleuñv	wheat	WHEAT	Matasović,  Ranko. Etymological Dictionary of Proto-Celtic. Indo-European Etymological Dictionaries Online. Edited by Alexander Lubotsky. Brill. Brill Online: http://iedo.brillonline.nl.ludwig.lub.lu.se/dictionaries/content/proto-celtic/index.html;Robert Farren,  PIE culture words collection,  2017,     note  Proto-Indo-European culture data compiled by Robert Farren,  migrated to the database.
38200-3055-2	62965	no 	Matasovic: Owl in Old Breton, meaning of today is crane	bonn	owl	OWL	Matasović,  Ranko. Etymological Dictionary of Proto-Celtic. Indo-European Etymological Dictionaries Online. Edited by Alexander Lubotsky. Brill. Brill Online: http://iedo.brillonline.nl.ludwig.lub.lu.se/dictionaries/content/proto-celtic/index.html;Robert Farren,  PIE culture words collection,  2017,     note  Proto-Indo-European culture data compiled by Robert Farren,  migrated to the database.
38200-3030-1	58572	no	Exclusively a male goat, according to Matasovic	bouc'h	goat	GOAT	Buck,  C.,  D. (1949). A dictionary of selected synonyms in the principal Indo–European languages: a contribution to the history of ideas. Chicago: University of Chicago Press.;Matasović,  Ranko. Etymological Dictionary of Proto-Celtic. Indo-European Etymological Dictionaries Online. Edited by Alexander Lubotsky. Brill. Brill Online: http://iedo.brillonline.nl.ludwig.lub.lu.se/dictionaries/content/proto-celtic/index.html;Robert Farren,  PIE culture words collection,  2017,     note  Proto-Indo-European culture data compiled by Robert Farren,  migrated to the database.
38200-3005-1	79325	yes		bouc'hal	axe	AXE	Buck,  C.,  D. (1949). A dictionary of selected synonyms in the principal Indo–European languages: a contribution to the history of ideas. Chicago: University of Chicago Press.;Jehan Lagadec. 1867. Le Catholicon de Iehan de Lagadeuc : dictionnaire breton,  français et latin publié par R. F. Le Men d'après l'édition de Me Auffret de Quoetqueveran. Lorient: Ed. Corfmat.,     note  Date of composition 1464. Source (said to be from 1867) available at http://bibliotheque.idbe-bzh.org/document.php?iddictionnaire-le-catholicon-1867-2830&lfr;Robert Farren,  PIE culture words collection,  2017,     note  Proto-Indo-European culture data compiled by Robert Farren,  migrated to the database.
38200-3032-1	74404	no	Matasovic: food	boued	grain (generic)	GRAIN	Matasović,  Ranko. Etymological Dictionary of Proto-Celtic. Indo-European Etymological Dictionaries Online. Edited by Alexander Lubotsky. Brill. Brill Online: http://iedo.brillonline.nl.ludwig.lub.lu.se/dictionaries/content/proto-celtic/index.html;Robert Farren,  PIE culture words collection,  2017,     note  Proto-Indo-European culture data compiled by Robert Farren,  migrated to the database.
38200-3011-1	87658	no 	 Matasovic: tender (adjective)	boug	bow	BOW	Matasović,  Ranko. Etymological Dictionary of Proto-Celtic. Indo-European Etymological Dictionaries Online. Edited by Alexander Lubotsky. Brill. Brill Online: http://iedo.brillonline.nl.ludwig.lub.lu.se/dictionaries/content/proto-celtic/index.html;Robert Farren,  PIE culture words collection,  2017,     note  Proto-Indo-European culture data compiled by Robert Farren,  migrated to the database.
38200-3064-1	65866	yes		bran	raven	RAVEN	Matasović,  Ranko. Etymological Dictionary of Proto-Celtic. Indo-European Etymological Dictionaries Online. Edited by Alexander Lubotsky. Brill. Brill Online: http://iedo.brillonline.nl.ludwig.lub.lu.se/dictionaries/content/proto-celtic/index.html;Robert Farren,  PIE culture words collection,  2017,     note  Proto-Indo-European culture data compiled by Robert Farren,  migrated to the database.
38200-3064-2	65870	yes		bran vras	raven	RAVEN	Matasović,  Ranko. Etymological Dictionary of Proto-Celtic. Indo-European Etymological Dictionaries Online. Edited by Alexander Lubotsky. Brill. Brill Online: http://iedo.brillonline.nl.ludwig.lub.lu.se/dictionaries/content/proto-celtic/index.html;Robert Farren,  PIE culture words collection,  2017,     note  Proto-Indo-European culture data compiled by Robert Farren,  migrated to the database.
38200-1005-1	26648	yes		braz	big	BIG	The Intercontinental Dictionary Series. ids.clld.org
38200-1011-1	26656	yes		bronn	breast	BREAST	The Intercontinental Dictionary Series. ids.clld.org
38200-3018-1	54856	yes		buoc'h	cow	COW	Buck,  C.,  D. (1949). A dictionary of selected synonyms in the principal Indo–European languages: a contribution to the history of ideas. Chicago: University of Chicago Press.;Matasović,  Ranko. Etymological Dictionary of Proto-Celtic. Indo-European Etymological Dictionaries Online. Edited by Alexander Lubotsky. Brill. Brill Online: http://iedo.brillonline.nl.ludwig.lub.lu.se/dictionaries/content/proto-celtic/index.html;Robert Farren,  PIE culture words collection,  2017,     note  Proto-Indo-European culture data compiled by Robert Farren,  migrated to the database.
38200-3040-3	56638	yes		caval	horse	HORSE	Walde,  Alois. (1910). Lateinische etymologisches Wörterbuch. 2. umgearb. Aufl. Heidelberg: C. Winter;Robert Farren,  PIE culture words collection,  2017,     note  Proto-Indo-European culture data compiled by Robert Farren,  migrated to the database.
38200-1034-2	32759	yes		da	good	GOOD	Blažek,  Václav (2009). ”On the position of Gaulish within Celtic from the point of view of glottochronology”,  Indogermanische Forschungen. 114. Berlin: de Gruyter
38200-1089-1	39029	yes		dant	tooth (general)	TOOTH	The Intercontinental Dictionary Series. ids.clld.org
38200-3056-3	55186	no	DiACL says sheep, Matasovic says bull; Buck confirms sheep	dañvad	ox	OX	Buck,  C.,  D. (1949). A dictionary of selected synonyms in the principal Indo–European languages: a contribution to the history of ideas. Chicago: University of Chicago Press.;Matasović,  Ranko. Etymological Dictionary of Proto-Celtic. Indo-European Etymological Dictionaries Online. Edited by Alexander Lubotsky. Brill. Brill Online: http://iedo.brillonline.nl.ludwig.lub.lu.se/dictionaries/content/proto-celtic/index.html;Robert Farren,  PIE culture words collection,  2017,     note  Proto-Indo-European culture data compiled by Robert Farren,  migrated to the database.
38200-3056-4	55191	no	DiAcl says ewe, Matasovic does not contain it, Buck confirms ewe	dañvadez	ox	OX	Buck,  C.,  D. (1949). A dictionary of selected synonyms in the principal Indo–European languages: a contribution to the history of ideas. Chicago: University of Chicago Press.;Matasović,  Ranko. Etymological Dictionary of Proto-Celtic. Indo-European Etymological Dictionaries Online. Edited by Alexander Lubotsky. Brill. Brill Online: http://iedo.brillonline.nl.ludwig.lub.lu.se/dictionaries/content/proto-celtic/index.html;Robert Farren,  PIE culture words collection,  2017,     note  Proto-Indo-European culture data compiled by Robert Farren,  migrated to the database.
38200-1091-1	39032	yes		daou, diou	two	TWO	The Intercontinental Dictionary Series. ids.clld.org
38200-1046-1	32771	yes		delienn, deil	leaf (botanics)	LEAF	Blažek,  Václav (2009). ”On the position of Gaulish within Celtic from the point of view of glottochronology”,  Indogermanische Forschungen. 114. Berlin: de Gruyter
38200-1051-1	32776	yes		den	man (adult male human)	MAN	Blažek,  Václav (2009). ”On the position of Gaulish within Celtic from the point of view of glottochronology”,  Indogermanische Forschungen. 114. Berlin: de Gruyter
38200-1064-1	32791	yes		den	person (individual human)	PERSON (CLASSIFIER)	The Intercontinental Dictionary Series. ids.clld.org
38200-1016-2	26662	yes		deuaf	to come	COME	Blažek,  Václav (2009). ”On the position of Gaulish within Celtic from the point of view of glottochronology”,  Indogermanische Forschungen. 114. Berlin: de Gruyter
38200-1012-2	26658	yes		deviñ	to burn (intr.)	BURNING	The Intercontinental Dictionary Series. ids.clld.org
38200-1023-1	26672	yes		dibriñ, drebi	to eat	EAT	The Intercontinental Dictionary Series. ids.clld.org
38200-3004-2	83390	yes		diskar-amzer	autumn	AUTUMN	Buck,  C.,  D. (1949). A dictionary of selected synonyms in the principal Indo–European languages: a contribution to the history of ideas. Chicago: University of Chicago Press.;Robert Farren,  PIE culture words collection,  2017,     note  Proto-Indo-European culture data compiled by Robert Farren,  migrated to the database.
38200-1016-1	26661	yes		dont	to come	COME	The Intercontinental Dictionary Series. ids.clld.org
38200-1037-1	32762	no	translation correct, yet wrong concept set	dorn	hand (not arm)	LEFT	The Intercontinental Dictionary Series. ids.clld.org
38200-1022-2	26670	yes		douar	earth (soil, ground)	EARTH (SOIL)	The Intercontinental Dictionary Series. ids.clld.org
38200-1094-1	39038	no 	translation correct, yet wrong concept set; water is a noun here	dour	water (n)	IRRIGATE	The Intercontinental Dictionary Series. ids.clld.org
38200-1026-1	26675	yes		druzoni	fat (organic substance)	FAT (ORGANIC SUBSTANCE)	The Intercontinental Dictionary Series. ids.clld.org
38200-1008-1	26653	yes		du	black (colour)	BLACK OR DARK	The Intercontinental Dictionary Series. ids.clld.org
38200-3040-1	56120	yes		ebeul	horse	HORSE	Matasović,  Ranko. Etymological Dictionary of Proto-Celtic. Indo-European Etymological Dictionaries Online. Edited by Alexander Lubotsky. Brill. Brill Online: http://iedo.brillonline.nl.ludwig.lub.lu.se/dictionaries/content/proto-celtic/index.html;Robert Farren,  PIE culture words collection,  2017,     note  Proto-Indo-European culture data compiled by Robert Farren,  migrated to the database.
38200-3032-3	74765	no	Matasovic: meaning seems too broad for one concept	ed	grain (generic)	GRAIN	Buck,  C.,  D. (1949). A dictionary of selected synonyms in the principal Indo–European languages: a contribution to the history of ideas. Chicago: University of Chicago Press.;Matasović,  Ranko. Etymological Dictionary of Proto-Celtic. Indo-European Etymological Dictionaries Online. Edited by Alexander Lubotsky. Brill. Brill Online: http://iedo.brillonline.nl.ludwig.lub.lu.se/dictionaries/content/proto-celtic/index.html;Robert Farren,  PIE culture words collection,  2017,     note  Proto-Indo-European culture data compiled by Robert Farren,  migrated to the database.
38200-3056-1	54927	yes		ejenn	ox	OX	Geiriadur Prifysgol Cymru: A Dictionary of the Welsh Language. http://welsh-dictionary.ac.uk/gpc/gpc.html;Robert Farren,  PIE culture words collection,  2017,     note  Proto-Indo-European culture data compiled by Robert Farren,  migrated to the database.
38200-3024-1	66113	yes		erer	eagle	EAGLE	Matasović,  Ranko. Etymological Dictionary of Proto-Celtic. Indo-European Etymological Dictionaries Online. Edited by Alexander Lubotsky. Brill. Brill Online: http://iedo.brillonline.nl.ludwig.lub.lu.se/dictionaries/content/proto-celtic/index.html;Jehan Lagadec. 1867. Le Catholicon de Iehan de Lagadeuc : dictionnaire breton,  français et latin publié par R. F. Le Men d'après l'édition de Me Auffret de Quoetqueveran. Lorient: Ed. Corfmat.,     note  Date of composition 1464. Source (said to be from 1867) available at http://bibliotheque.idbe-bzh.org/document.php?iddictionnaire-le-catholicon-1867-2830&lfr;Robert Farren,  PIE culture words collection,  2017,     note  Proto-Indo-European culture data compiled by Robert Farren,  migrated to the database.
38200-3029-2	81732	yes		ero, erv	furrow	FURROW	Buck,  C.,  D. (1949). A dictionary of selected synonyms in the principal Indo–European languages: a contribution to the history of ideas. Chicago: University of Chicago Press.;Matasović,  Ranko. Etymological Dictionary of Proto-Celtic. Indo-European Etymological Dictionaries Online. Edited by Alexander Lubotsky. Brill. Brill Online: http://iedo.brillonline.nl.ludwig.lub.lu.se/dictionaries/content/proto-celtic/index.html;Jehan Lagadec. 1867. Le Catholicon de Iehan de Lagadeuc : dictionnaire breton,  français et latin publié par R. F. Le Men d'après l'édition de Me Auffret de Quoetqueveran. Lorient: Ed. Corfmat.,     note  Date of composition 1464. Source (said to be from 1867) available at http://bibliotheque.idbe-bzh.org/document.php?iddictionnaire-le-catholicon-1867-2830&lfr;Robert Farren,  PIE culture words collection,  2017,     note  Proto-Indo-European culture data compiled by Robert Farren,  migrated to the database.
38200-1019-1	26665	yes		evañ	to drink	DRINK	The Intercontinental Dictionary Series. ids.clld.org
38200-1006-1	26650	yes		evn	bird	BIRD	The Intercontinental Dictionary Series. ids.clld.org
38200-3069-1	76536	yes		falc'h	scythe	SCYTHE	Buck,  C.,  D. (1949). A dictionary of selected synonyms in the principal Indo–European languages: a contribution to the history of ideas. Chicago: University of Chicago Press.;Robert Farren,  PIE culture words collection,  2017,     note  Proto-Indo-European culture data compiled by Robert Farren,  migrated to the database.
38200-3028-1	68418	no	wrong concept; fur is not felt??	feur	fur	FELT	Buck,  C.,  D. (1949). A dictionary of selected synonyms in the principal Indo–European languages: a contribution to the history of ideas. Chicago: University of Chicago Press.;Trésors de la langue francaise informatisées. Centre national de ressources techniques et lexiques. http://www.cnrtl.fr/definition/;Robert Farren,  PIE culture words collection,  2017,     note  Proto-Indo-European culture data compiled by Robert Farren,  migrated to the database.
38200-1061-1	32788	yes		fron	nose	NOSE	Blažek,  Václav (2009). ”On the position of Gaulish within Celtic from the point of view of glottochronology”,  Indogermanische Forschungen. 114. Berlin: de Gruyter
38200-3035-2	64590	yes		gad	hare	HARE	Jehan Lagadec. 1867. Le Catholicon de Iehan de Lagadeuc : dictionnaire breton,  français et latin publié par R. F. Le Men d'après l'édition de Me Auffret de Quoetqueveran. Lorient: Ed. Corfmat.,     note  Date of composition 1464. Source (said to be from 1867) available at http://bibliotheque.idbe-bzh.org/document.php?iddictionnaire-le-catholicon-1867-2830&lfr;Robert Farren,  PIE culture words collection,  2017,     note  Proto-Indo-European culture data compiled by Robert Farren,  migrated to the database.
38200-3030-2	58862	yes		gaor, gavr	goat	GOAT	Matasović,  Ranko. Etymological Dictionary of Proto-Celtic. Indo-European Etymological Dictionaries Online. Edited by Alexander Lubotsky. Brill. Brill Online: http://iedo.brillonline.nl.ludwig.lub.lu.se/dictionaries/content/proto-celtic/index.html;Robert Farren,  PIE culture words collection,  2017,     note  Proto-Indo-European culture data compiled by Robert Farren,  migrated to the database.
38200-1056-1	32783	yes		genou	mouth	MOUTH	The Intercontinental Dictionary Series. ids.clld.org
38200-1065-1	32792	yes		glao	rain (n)	RAIN (PRECIPITATION)	The Intercontinental Dictionary Series. ids.clld.org
38200-1035-1	32760	yes		glaz	green (colour)	GREEN	The Intercontinental Dictionary Series. ids.clld.org
38200-3077-1	87144	yes		goa, goaf	spear	SPEAR	Matasović,  Ranko. Etymological Dictionary of Proto-Celtic. Indo-European Etymological Dictionaries Online. Edited by Alexander Lubotsky. Brill. Brill Online: http://iedo.brillonline.nl.ludwig.lub.lu.se/dictionaries/content/proto-celtic/index.html;Jehan Lagadec. 1867. Le Catholicon de Iehan de Lagadeuc : dictionnaire breton,  français et latin publié par R. F. Le Men d'après l'édition de Me Auffret de Quoetqueveran. Lorient: Ed. Corfmat.,     note  Date of composition 1464. Source (said to be from 1867) available at http://bibliotheque.idbe-bzh.org/document.php?iddictionnaire-le-catholicon-1867-2830&lfr;Robert Farren,  PIE culture words collection,  2017,     note  Proto-Indo-European culture data compiled by Robert Farren,  migrated to the database.
38200-3091-1	81942	yes		goañv, gouañv	winter	WINTER	Buck,  C.,  D. (1949). A dictionary of selected synonyms in the principal Indo–European languages: a contribution to the history of ideas. Chicago: University of Chicago Press.;Matasović,  Ranko. Etymological Dictionary of Proto-Celtic. Indo-European Etymological Dictionaries Online. Edited by Alexander Lubotsky. Brill. Brill Online: http://iedo.brillonline.nl.ludwig.lub.lu.se/dictionaries/content/proto-celtic/index.html;Robert Farren,  PIE culture words collection,  2017,     note  Proto-Indo-European culture data compiled by Robert Farren,  migrated to the database.
38200-1047-1	32772	no	lie(recline) is not lie(mislead); Blazek unfortunately unclear on which lie is meant	gourvez(et)	to lie (recline)	LIE (MISLEAD)	Blažek,  Václav (2009). ”On the position of Gaulish within Celtic from the point of view of glottochronology”,  Indogermanische Forschungen. 114. Berlin: de Gruyter
38200-1045-1	32770	yes		gouzoud	to know	KNOW (SOMETHING)	The Intercontinental Dictionary Series. ids.clld.org
38200-1058-1	32785	yes	neck (not nape)	gouzoug, goug	neck	NECK	The Intercontinental Dictionary Series. ids.clld.org
38200-3032-2	74567	yes		greun	grain (generic)	GRAIN	Matasović,  Ranko. Etymological Dictionary of Proto-Celtic. Indo-European Etymological Dictionaries Online. Edited by Alexander Lubotsky. Brill. Brill Online: http://iedo.brillonline.nl.ludwig.lub.lu.se/dictionaries/content/proto-celtic/index.html;Jehan Lagadec. 1867. Le Catholicon de Iehan de Lagadeuc : dictionnaire breton,  français et latin publié par R. F. Le Men d'après l'édition de Me Auffret de Quoetqueveran. Lorient: Ed. Corfmat.,     note  Date of composition 1464. Source (said to be from 1867) available at http://bibliotheque.idbe-bzh.org/document.php?iddictionnaire-le-catholicon-1867-2830&lfr;Robert Farren,  PIE culture words collection,  2017,     note  Proto-Indo-European culture data compiled by Robert Farren,  migrated to the database.
38200-1009-1	26654	yes		gwad	blood (n)	BLOOD	The Intercontinental Dictionary Series. ids.clld.org
38200-3011-3	87830	no	Matasovic: meaning is curved, bow not mentioned; Lagadec: does not contain word	gwar	bow	BOW	Buck,  C.,  D. (1949). A dictionary of selected synonyms in the principal Indo–European languages: a contribution to the history of ideas. Chicago: University of Chicago Press.;Matasović,  Ranko. Etymological Dictionary of Proto-Celtic. Indo-European Etymological Dictionaries Online. Edited by Alexander Lubotsky. Brill. Brill Online: http://iedo.brillonline.nl.ludwig.lub.lu.se/dictionaries/content/proto-celtic/index.html;Jehan Lagadec. 1867. Le Catholicon de Iehan de Lagadeuc : dictionnaire breton,  français et latin publié par R. F. Le Men d'après l'édition de Me Auffret de Quoetqueveran. Lorient: Ed. Corfmat.,     note  Date of composition 1464. Source (said to be from 1867) available at http://bibliotheque.idbe-bzh.org/document.php?iddictionnaire-le-catholicon-1867-2830&lfr;Robert Farren,  PIE culture words collection,  2017,     note  Proto-Indo-European culture data compiled by Robert Farren,  migrated to the database.
38200-3011-2	87829	yes		gwareg	bow	BOW	Buck,  C.,  D. (1949). A dictionary of selected synonyms in the principal Indo–European languages: a contribution to the history of ideas. Chicago: University of Chicago Press.;Matasović,  Ranko. Etymological Dictionary of Proto-Celtic. Indo-European Etymological Dictionaries Online. Edited by Alexander Lubotsky. Brill. Brill Online: http://iedo.brillonline.nl.ludwig.lub.lu.se/dictionaries/content/proto-celtic/index.html;Jehan Lagadec. 1867. Le Catholicon de Iehan de Lagadeuc : dictionnaire breton,  français et latin publié par R. F. Le Men d'après l'édition de Me Auffret de Quoetqueveran. Lorient: Ed. Corfmat.,     note  Date of composition 1464. Source (said to be from 1867) available at http://bibliotheque.idbe-bzh.org/document.php?iddictionnaire-le-catholicon-1867-2830&lfr;Robert Farren,  PIE culture words collection,  2017,     note  Proto-Indo-European culture data compiled by Robert Farren,  migrated to the database.
38200-1051-2	32777	yes		gwaz, gour	man (adult male human)	MAN	Blažek,  Václav (2009). ”On the position of Gaulish within Celtic from the point of view of glottochronology”,  Indogermanische Forschungen. 114. Berlin: de Gruyter
38200-3086-1	71698	no	DiACL says twist/weave; however, no mention of the word in Matasovic or Lagadec	gweañ	to weave	WEAVE	Matasović,  Ranko. Etymological Dictionary of Proto-Celtic. Indo-European Etymological Dictionaries Online. Edited by Alexander Lubotsky. Brill. Brill Online: http://iedo.brillonline.nl.ludwig.lub.lu.se/dictionaries/content/proto-celtic/index.html;Jehan Lagadec. 1867. Le Catholicon de Iehan de Lagadeuc : dictionnaire breton,  français et latin publié par R. F. Le Men d'après l'édition de Me Auffret de Quoetqueveran. Lorient: Ed. Corfmat.,     note  Date of composition 1464. Source (said to be from 1867) available at http://bibliotheque.idbe-bzh.org/document.php?iddictionnaire-le-catholicon-1867-2830&lfr;Robert Farren,  PIE culture words collection,  2017,     note  Proto-Indo-European culture data compiled by Robert Farren,  migrated to the database.
38200-1072-1	39010	yes		gwelet, gwelout	to see	SEE	Blažek,  Václav (2009). ”On the position of Gaulish within Celtic from the point of view of glottochronology”,  Indogermanische Forschungen. 114. Berlin: de Gruyter
38200-3009-1	61654	yes		gwenanenn	bee	BEE	Buck,  C.,  D. (1949). A dictionary of selected synonyms in the principal Indo–European languages: a contribution to the history of ideas. Chicago: University of Chicago Press.;Matasović,  Ranko. Etymological Dictionary of Proto-Celtic. Indo-European Etymological Dictionaries Online. Edited by Alexander Lubotsky. Brill. Brill Online: http://iedo.brillonline.nl.ludwig.lub.lu.se/dictionaries/content/proto-celtic/index.html;Jehan Lagadec. 1867. Le Catholicon de Iehan de Lagadeuc : dictionnaire breton,  français et latin publié par R. F. Le Men d'après l'édition de Me Auffret de Quoetqueveran. Lorient: Ed. Corfmat.,     note  Date of composition 1464. Source (said to be from 1867) available at http://bibliotheque.idbe-bzh.org/document.php?iddictionnaire-le-catholicon-1867-2830&lfr;Robert Farren,  PIE culture words collection,  2017,     note  Proto-Indo-European culture data compiled by Robert Farren,  migrated to the database.
38200-1097-1	39041	yes		gwenn	white (colour)	WHITE	The Intercontinental Dictionary Series. ids.clld.org
38200-3006-2	80731	no 	meaning according to DiACL: spindle, no mention in Lagadec, Buck only contains ax and this is not the word	gwerzid	axle	AXLE	Buck,  C.,  D. (1949). A dictionary of selected synonyms in the principal Indo–European languages: a contribution to the history of ideas. Chicago: University of Chicago Press.;Jehan Lagadec. 1867. Le Catholicon de Iehan de Lagadeuc : dictionnaire breton,  français et latin publié par R. F. Le Men d'après l'édition de Me Auffret de Quoetqueveran. Lorient: Ed. Corfmat.,     note  Date of composition 1464. Source (said to be from 1867) available at http://bibliotheque.idbe-bzh.org/document.php?iddictionnaire-le-catholicon-1867-2830&lfr;Robert Farren,  PIE culture words collection,  2017,     note  Proto-Indo-European culture data compiled by Robert Farren,  migrated to the database.
38200-3072-1	77096	no	Matasovic, DiACL: meaning is trees, no mention in cnrtl	gwez	sickle	SICKLE	Buck,  C.,  D. (1949). A dictionary of selected synonyms in the principal Indo–European languages: a contribution to the history of ideas. Chicago: University of Chicago Press.;Matasović,  Ranko. Etymological Dictionary of Proto-Celtic. Indo-European Etymological Dictionaries Online. Edited by Alexander Lubotsky. Brill. Brill Online: http://iedo.brillonline.nl.ludwig.lub.lu.se/dictionaries/content/proto-celtic/index.html;Trésors de la langue francaise informatisées. Centre national de ressources techniques et lexiques. http://www.cnrtl.fr/definition/;Robert Farren,  PIE culture words collection,  2017,     note  Proto-Indo-European culture data compiled by Robert Farren,  migrated to the database.
38200-3093-2	77096	yes		gwez	wood	WOOD	Buck,  C.,  D. (1949). A dictionary of selected synonyms in the principal Indo–European languages: a contribution to the history of ideas. Chicago: University of Chicago Press.;Matasović,  Ranko. Etymological Dictionary of Proto-Celtic. Indo-European Etymological Dictionaries Online. Edited by Alexander Lubotsky. Brill. Brill Online: http://iedo.brillonline.nl.ludwig.lub.lu.se/dictionaries/content/proto-celtic/index.html;Trésors de la langue francaise informatisées. Centre national de ressources techniques et lexiques. http://www.cnrtl.fr/definition/;Robert Farren,  PIE culture words collection,  2017,     note  Proto-Indo-European culture data compiled by Robert Farren,  migrated to the database.
38200-1090-1	39030	yes		gwezenn	tree	TREE	The Intercontinental Dictionary Series. ids.clld.org
38200-3072-2	77101	no	DiACL says two-pronged fork, Matasovic and CNRTL do not have it	gwif	sickle	SICKLE	Buck,  C.,  D. (1949). A dictionary of selected synonyms in the principal Indo–European languages: a contribution to the history of ideas. Chicago: University of Chicago Press.;Matasović,  Ranko. Etymological Dictionary of Proto-Celtic. Indo-European Etymological Dictionaries Online. Edited by Alexander Lubotsky. Brill. Brill Online: http://iedo.brillonline.nl.ludwig.lub.lu.se/dictionaries/content/proto-celtic/index.html;Trésors de la langue francaise informatisées. Centre national de ressources techniques et lexiques. http://www.cnrtl.fr/definition/;Robert Farren,  PIE culture words collection,  2017,     note  Proto-Indo-European culture data compiled by Robert Farren,  migrated to the database.
38200-3093-3	77101	no	DiACL says two-pronged fork, Matasovic and CNRTL do not have it	gwif	wood	WOOD	Buck,  C.,  D. (1949). A dictionary of selected synonyms in the principal Indo–European languages: a contribution to the history of ideas. Chicago: University of Chicago Press.;Matasović,  Ranko. Etymological Dictionary of Proto-Celtic. Indo-European Etymological Dictionaries Online. Edited by Alexander Lubotsky. Brill. Brill Online: http://iedo.brillonline.nl.ludwig.lub.lu.se/dictionaries/content/proto-celtic/index.html;Trésors de la langue francaise informatisées. Centre national de ressources techniques et lexiques. http://www.cnrtl.fr/definition/;Robert Farren,  PIE culture words collection,  2017,     note  Proto-Indo-European culture data compiled by Robert Farren,  migrated to the database.
38200-3090-1	69608	yes		gwin	wine	WINE	Robert Beekes (with the assistance of Lucien van Beek). Etymological Dictionary of Greek. Indo-European Etymological Dictionaries Online. Edited by Alexander Lubotsky. Brill. Brill Online.;Buck,  C.,  D. (1949). A dictionary of selected synonyms in the principal Indo–European languages: a contribution to the history of ideas. Chicago: University of Chicago Press.;Michiel de Vaan. Etymological Dictionary of Latin and the other Italic Languages. Indo-European Etymological Dictionaries Online. Edited by Alexander Lubotsky. Brill. Brill Online.;Simpson,  J.,  & Weiner,  E. S. 1989. Oxford English dictionary. Oxford: Clarendon Press.;Robert Farren,  PIE culture words collection,  2017,     note  Proto-Indo-European culture data compiled by Robert Farren,  migrated to the database.
38200-3033-3	76096	no	DiACL says vine, no mention in Lagadec, rezin in IE culture words	gwinienn	grape	GRAPE	Jehan Lagadec. 1867. Le Catholicon de Iehan de Lagadeuc : dictionnaire breton,  français et latin publié par R. F. Le Men d'après l'édition de Me Auffret de Quoetqueveran. Lorient: Ed. Corfmat.,     note  Date of composition 1464. Source (said to be from 1867) available at http://bibliotheque.idbe-bzh.org/document.php?iddictionnaire-le-catholicon-1867-2830&lfr;Robert Farren,  PIE culture words collection,  2017,     note  Proto-Indo-European culture data compiled by Robert Farren,  migrated to the database.
38200-3087-1	73276	yes		gwiniz	wheat	WHEAT	Buck,  C.,  D. (1949). A dictionary of selected synonyms in the principal Indo–European languages: a contribution to the history of ideas. Chicago: University of Chicago Press.;Matasović,  Ranko. Etymological Dictionary of Proto-Celtic. Indo-European Etymological Dictionaries Online. Edited by Alexander Lubotsky. Brill. Brill Online: http://iedo.brillonline.nl.ludwig.lub.lu.se/dictionaries/content/proto-celtic/index.html;Robert Farren,  PIE culture words collection,  2017,     note  Proto-Indo-European culture data compiled by Robert Farren,  migrated to the database.
38200-3058-1	58008	no	Matasovic specifies a female pig/sow	gwis	pig	PIG	Matasović,  Ranko. Etymological Dictionary of Proto-Celtic. Indo-European Etymological Dictionaries Online. Edited by Alexander Lubotsky. Brill. Brill Online: http://iedo.brillonline.nl.ludwig.lub.lu.se/dictionaries/content/proto-celtic/index.html;Robert Farren,  PIE culture words collection,  2017,     note  Proto-Indo-European culture data compiled by Robert Farren,  migrated to the database.
38200-3063-1	58008	no	female pig	gwis	ram	RAM	Matasović,  Ranko. Etymological Dictionary of Proto-Celtic. Indo-European Etymological Dictionaries Online. Edited by Alexander Lubotsky. Brill. Brill Online: http://iedo.brillonline.nl.ludwig.lub.lu.se/dictionaries/content/proto-celtic/index.html;Robert Farren,  PIE culture words collection,  2017,     note  Proto-Indo-European culture data compiled by Robert Farren,  migrated to the database.
38200-3094-1	43884	yes		gwlan	wool	WOOL	Matasović,  Ranko. Etymological Dictionary of Proto-Celtic. Indo-European Etymological Dictionaries Online. Edited by Alexander Lubotsky. Brill. Brill Online: http://iedo.brillonline.nl.ludwig.lub.lu.se/dictionaries/content/proto-celtic/index.html;Robert Farren,  PIE culture words collection,  2017,     note  Proto-Indo-European culture data compiled by Robert Farren,  migrated to the database.
38200-1099-2	39044	yes		gwreg	woman	WOMAN	Blažek,  Václav (2009). ”On the position of Gaulish within Celtic from the point of view of glottochronology”,  Indogermanische Forschungen. 114. Berlin: de Gruyter
38200-1093-3	39037	yes		gwrezek	warm (of weather)	WARM (OF WEATHER)	Blažek,  Václav (2009). ”On the position of Gaulish within Celtic from the point of view of glottochronology”,  Indogermanische Forschungen. 114. Berlin: de Gruyter
38200-3070-1	72230	yes		gwriat	to sew	SEW	Buck,  C.,  D. (1949). A dictionary of selected synonyms in the principal Indo–European languages: a contribution to the history of ideas. Chicago: University of Chicago Press.;Robert Farren,  PIE culture words collection,  2017,     note  Proto-Indo-European culture data compiled by Robert Farren,  migrated to the database.
38200-1068-1	39006	yes		gwrizienn	root (botanics)	ROOT	The Intercontinental Dictionary Series. ids.clld.org
38200-3075-1	39011	no	"No mention in Matasovic, Lagadec; IDS CLLD confirms DiACL meaning, ""seed"" not ""sow"""	had	to sow	SOW SEEDS	The Intercontinental Dictionary Series. ids.clld.org;Buck,  C.,  D. (1949). A dictionary of selected synonyms in the principal Indo–European languages: a contribution to the history of ideas. Chicago: University of Chicago Press.;Matasović,  Ranko. Etymological Dictionary of Proto-Celtic. Indo-European Etymological Dictionaries Online. Edited by Alexander Lubotsky. Brill. Brill Online: http://iedo.brillonline.nl.ludwig.lub.lu.se/dictionaries/content/proto-celtic/index.html;Jehan Lagadec. 1867. Le Catholicon de Iehan de Lagadeuc : dictionnaire breton,  français et latin publié par R. F. Le Men d'après l'édition de Me Auffret de Quoetqueveran. Lorient: Ed. Corfmat.,     note  Date of composition 1464. Source (said to be from 1867) available at http://bibliotheque.idbe-bzh.org/document.php?iddictionnaire-le-catholicon-1867-2830&lfr;Robert Farren,  PIE culture words collection,  2017,     note  Proto-Indo-European culture data compiled by Robert Farren,  migrated to the database.
38200-1073-1	39011	yes		had	seed (n)	GRAIN	The Intercontinental Dictionary Series. ids.clld.org;Buck,  C.,  D. (1949). A dictionary of selected synonyms in the principal Indo–European languages: a contribution to the history of ideas. Chicago: University of Chicago Press.;Matasović,  Ranko. Etymological Dictionary of Proto-Celtic. Indo-European Etymological Dictionaries Online. Edited by Alexander Lubotsky. Brill. Brill Online: http://iedo.brillonline.nl.ludwig.lub.lu.se/dictionaries/content/proto-celtic/index.html;Jehan Lagadec. 1867. Le Catholicon de Iehan de Lagadeuc : dictionnaire breton,  français et latin publié par R. F. Le Men d'après l'édition de Me Auffret de Quoetqueveran. Lorient: Ed. Corfmat.,     note  Date of composition 1464. Source (said to be from 1867) available at http://bibliotheque.idbe-bzh.org/document.php?iddictionnaire-le-catholicon-1867-2830&lfr;Robert Farren,  PIE culture words collection,  2017,     note  Proto-Indo-European culture data compiled by Robert Farren,  migrated to the database.
38200-3075-2	73055	yes		hada	to sow	SOW SEEDS	Buck,  C.,  D. (1949). A dictionary of selected synonyms in the principal Indo–European languages: a contribution to the history of ideas. Chicago: University of Chicago Press.;Matasović,  Ranko. Etymological Dictionary of Proto-Celtic. Indo-European Etymological Dictionaries Online. Edited by Alexander Lubotsky. Brill. Brill Online: http://iedo.brillonline.nl.ludwig.lub.lu.se/dictionaries/content/proto-celtic/index.html;Jehan Lagadec. 1867. Le Catholicon de Iehan de Lagadeuc : dictionnaire breton,  français et latin publié par R. F. Le Men d'après l'édition de Me Auffret de Quoetqueveran. Lorient: Ed. Corfmat.,     note  Date of composition 1464. Source (said to be from 1867) available at http://bibliotheque.idbe-bzh.org/document.php?iddictionnaire-le-catholicon-1867-2830&lfr;Robert Farren,  PIE culture words collection,  2017,     note  Proto-Indo-European culture data compiled by Robert Farren,  migrated to the database.
38200-3067-2	69259	no	hal=salty water; salt would be holen, halen (Matasovic)	hal	salt	SALT	Buck,  C.,  D. (1949). A dictionary of selected synonyms in the principal Indo–European languages: a contribution to the history of ideas. Chicago: University of Chicago Press.;Matasović,  Ranko. Etymological Dictionary of Proto-Celtic. Indo-European Etymological Dictionaries Online. Edited by Alexander Lubotsky. Brill. Brill Online: http://iedo.brillonline.nl.ludwig.lub.lu.se/dictionaries/content/proto-celtic/index.html;Robert Farren,  PIE culture words collection,  2017,     note  Proto-Indo-European culture data compiled by Robert Farren,  migrated to the database.
38200-1057-1	32784	no	hano (n) is concept NAME, not CALL BY NAME	hano	name	CALL BY NAME	The Intercontinental Dictionary Series. ids.clld.org
38200-3081-1	82631	yes		hañv	summer	SUMMER	Matasović,  Ranko. Etymological Dictionary of Proto-Celtic. Indo-European Etymological Dictionaries Online. Edited by Alexander Lubotsky. Brill. Brill Online: http://iedo.brillonline.nl.ludwig.lub.lu.se/dictionaries/content/proto-celtic/index.html;Robert Farren,  PIE culture words collection,  2017,     note  Proto-Indo-European culture data compiled by Robert Farren,  migrated to the database.
38200-3007-2	73833	yes		heiz	barley	BARLEY	Matasović,  Ranko. Etymological Dictionary of Proto-Celtic. Indo-European Etymological Dictionaries Online. Edited by Alexander Lubotsky. Brill. Brill Online: http://iedo.brillonline.nl.ludwig.lub.lu.se/dictionaries/content/proto-celtic/index.html;Robert Farren,  PIE culture words collection,  2017,     note  Proto-Indo-European culture data compiled by Robert Farren,  migrated to the database.
38200-1086-1	39026	yes		hemañ	this (deixis, proximal)	THIS	Blažek,  Václav (2009). ”On the position of Gaulish within Celtic from the point of view of glottochronology”,  Indogermanische Forschungen. 114. Berlin: de Gruyter
38200-1085-1	39025	no	"Blazek lists only ""hennezh"" as that, unsure about where rest of the form comes from"	hennezh, an..-se	that (deixis, distal)	THAT	Blažek,  Václav (2009). ”On the position of Gaulish within Celtic from the point of view of glottochronology”,  Indogermanische Forschungen. 114. Berlin: de Gruyter
38200-1067-1	39005	yes		hent	road/path	PATH OR ROAD	The Intercontinental Dictionary Series. ids.clld.org
38200-1082-1	39022	yes		heol	sun	SUN	The Intercontinental Dictionary Series. ids.clld.org
38200-3004-1	83384	no	DiACL says october, formerly autumn; Buck only gave another word	here	autumn	AUTUMN	Buck,  C.,  D. (1949). A dictionary of selected synonyms in the principal Indo–European languages: a contribution to the history of ideas. Chicago: University of Chicago Press.;Robert Farren,  PIE culture words collection,  2017,     note  Proto-Indo-European culture data compiled by Robert Farren,  migrated to the database.
38200-3068-1	78622	yes		heskenn	saw	SAW	Buck,  C.,  D. (1949). A dictionary of selected synonyms in the principal Indo–European languages: a contribution to the history of ideas. Chicago: University of Chicago Press.;Jehan Lagadec. 1867. Le Catholicon de Iehan de Lagadeuc : dictionnaire breton,  français et latin publié par R. F. Le Men d'après l'édition de Me Auffret de Quoetqueveran. Lorient: Ed. Corfmat.,     note  Date of composition 1464. Source (said to be from 1867) available at http://bibliotheque.idbe-bzh.org/document.php?iddictionnaire-le-catholicon-1867-2830&lfr;Robert Farren,  PIE culture words collection,  2017,     note  Proto-Indo-European culture data compiled by Robert Farren,  migrated to the database.
38200-1049-1	32774	yes		hir	long (adj)	LONG	Matasović,  Ranko. Etymological Dictionary of Proto-Celtic. Indo-European Etymological Dictionaries Online. Edited by Alexander Lubotsky. Brill. Brill Online: http://iedo.brillonline.nl.ludwig.lub.lu.se/dictionaries/content/proto-celtic/index.html
38200-3058-4	59136	no	hoc'h-guez is boar, pig seems too unspecific	hoc'h-gouez	pig	PIG	Matasović,  Ranko. Etymological Dictionary of Proto-Celtic. Indo-European Etymological Dictionaries Online. Edited by Alexander Lubotsky. Brill. Brill Online: http://iedo.brillonline.nl.ludwig.lub.lu.se/dictionaries/content/proto-celtic/index.html;Robert Farren,  PIE culture words collection,  2017,     note  Proto-Indo-European culture data compiled by Robert Farren,  migrated to the database.
38200-3067-1	69255	yes		holen	salt	SALT	Buck,  C.,  D. (1949). A dictionary of selected synonyms in the principal Indo–European languages: a contribution to the history of ideas. Chicago: University of Chicago Press.;Matasović,  Ranko. Etymological Dictionary of Proto-Celtic. Indo-European Etymological Dictionaries Online. Edited by Alexander Lubotsky. Brill. Brill Online: http://iedo.brillonline.nl.ludwig.lub.lu.se/dictionaries/content/proto-celtic/index.html;Robert Farren,  PIE culture words collection,  2017,     note  Proto-Indo-European culture data compiled by Robert Farren,  migrated to the database.
38200-3023-1	60914	yes		houad	duck	DUCK	Buck,  C.,  D. (1949). A dictionary of selected synonyms in the principal Indo–European languages: a contribution to the history of ideas. Chicago: University of Chicago Press.;Jehan Lagadec. 1867. Le Catholicon de Iehan de Lagadeuc : dictionnaire breton,  français et latin publié par R. F. Le Men d'après l'édition de Me Auffret de Quoetqueveran. Lorient: Ed. Corfmat.,     note  Date of composition 1464. Source (said to be from 1867) available at http://bibliotheque.idbe-bzh.org/document.php?iddictionnaire-le-catholicon-1867-2830&lfr;Robert Farren,  PIE culture words collection,  2017,     note  Proto-Indo-European culture data compiled by Robert Farren,  migrated to the database.
38200-3042-1	83881	no	could not find a cooncept IRON (CLOTHES), meaning rather just iron	houarn	iron	IRON (CLOTHES)	Matasović,  Ranko. Etymological Dictionary of Proto-Celtic. Indo-European Etymological Dictionaries Online. Edited by Alexander Lubotsky. Brill. Brill Online: http://iedo.brillonline.nl.ludwig.lub.lu.se/dictionaries/content/proto-celtic/index.html;Robert Farren,  PIE culture words collection,  2017,     note  Proto-Indo-European culture data compiled by Robert Farren,  migrated to the database.
38200-3058-3	59132	yes		houc'h	pig	PIG	Matasović,  Ranko. Etymological Dictionary of Proto-Celtic. Indo-European Etymological Dictionaries Online. Edited by Alexander Lubotsky. Brill. Brill Online: http://iedo.brillonline.nl.ludwig.lub.lu.se/dictionaries/content/proto-celtic/index.html;Robert Farren,  PIE culture words collection,  2017,     note  Proto-Indo-European culture data compiled by Robert Farren,  migrated to the database.
38200-3083-2	75146	yes	plural	irvin	turnip	TURNIP	Jehan Lagadec. 1867. Le Catholicon de Iehan de Lagadeuc : dictionnaire breton,  français et latin publié par R. F. Le Men d'après l'édition de Me Auffret de Quoetqueveran. Lorient: Ed. Corfmat.,     note  Date of composition 1464. Source (said to be from 1867) available at http://bibliotheque.idbe-bzh.org/document.php?iddictionnaire-le-catholicon-1867-2830&lfr;Henry,  V. (1900). Lexique étymologique des termes les plus usuels du breton moderne. Rennes: J. Plihon et L. Hervé.;Robert Farren,  PIE culture words collection,  2017,     note  Proto-Indo-European culture data compiled by Robert Farren,  migrated to the database.
38200-3083-1	75141	yes	singular	irvinenn	turnip	TURNIP	Jehan Lagadec. 1867. Le Catholicon de Iehan de Lagadeuc : dictionnaire breton,  français et latin publié par R. F. Le Men d'après l'édition de Me Auffret de Quoetqueveran. Lorient: Ed. Corfmat.,     note  Date of composition 1464. Source (said to be from 1867) available at http://bibliotheque.idbe-bzh.org/document.php?iddictionnaire-le-catholicon-1867-2830&lfr;Henry,  V. (1900). Lexique étymologique des termes les plus usuels du breton moderne. Rennes: J. Plihon et L. Hervé.;Robert Farren,  PIE culture words collection,  2017,     note  Proto-Indo-European culture data compiled by Robert Farren,  migrated to the database.
38200-1013-1	26676	yes		ivin	fingernail	FINGERNAIL	The Intercontinental Dictionary Series. ids.clld.org
38200-1040-1	32765	yes		kalon	heart (organ)	GUTS OR HEART	The Intercontinental Dictionary Series. ids.clld.org
38200-1052-2	32779	no	no such concept in IDS; rather concept MUCH, MANY ??	kalz	many	BE MANY	The Intercontinental Dictionary Series. ids.clld.org
38200-3055-1	62800	yes		kaouenn, kaouann	owl	OWL	Rick Derksen. Etymological Dictionary of the Slavic Inherited Lexicon. Indo-European Etymological Dictionaries Online. Edited by Alexander Lubotsky. Brill. Brill Online.;Robert Farren,  PIE culture words collection,  2017,     note  Proto-Indo-European culture data compiled by Robert Farren,  migrated to the database.
38200-3084-1	79843	yes		karr	wagon	WAGON	Matasović,  Ranko. Etymological Dictionary of Proto-Celtic. Indo-European Etymological Dictionaries Online. Edited by Alexander Lubotsky. Brill. Brill Online: http://iedo.brillonline.nl.ludwig.lub.lu.se/dictionaries/content/proto-celtic/index.html;Robert Farren,  PIE culture words collection,  2017,     note  Proto-Indo-European culture data compiled by Robert Farren,  migrated to the database.
38200-3080-2	39021	no	wrong concept; karreg is stone as in STONE, ROCK	karreg	stone	STONE (OF FRUIT)	Blažek,  Václav (2009). ”On the position of Gaulish within Celtic from the point of view of glottochronology”,  Indogermanische Forschungen. 114. Berlin: de Gruyter;Buck,  C.,  D. (1949). A dictionary of selected synonyms in the principal Indo–European languages: a contribution to the history of ideas. Chicago: University of Chicago Press.;Hrach K. Martirosyan. Etymological Dictionary of the Armenian Inherited Lexicon. Indo-European Etymological Dictionaries Online. Edited by Alexander Lubotsky. Brill. Brill Online.;Simpson,  J.,  & Weiner,  E. S. 1989. Oxford English dictionary. Oxford: Clarendon Press.;Robert Farren,  PIE culture words collection,  2017,     note  Proto-Indo-European culture data compiled by Robert Farren,  migrated to the database.
38200-1081-2	39021	no	why is it in here twice	karreg	stone	STONE (OF FRUIT)	Blažek,  Václav (2009). ”On the position of Gaulish within Celtic from the point of view of glottochronology”,  Indogermanische Forschungen. 114. Berlin: de Gruyter;Buck,  C.,  D. (1949). A dictionary of selected synonyms in the principal Indo–European languages: a contribution to the history of ideas. Chicago: University of Chicago Press.;Hrach K. Martirosyan. Etymological Dictionary of the Armenian Inherited Lexicon. Indo-European Etymological Dictionaries Online. Edited by Alexander Lubotsky. Brill. Brill Online.;Simpson,  J.,  & Weiner,  E. S. 1989. Oxford English dictionary. Oxford: Clarendon Press.;Robert Farren,  PIE culture words collection,  2017,     note  Proto-Indo-European culture data compiled by Robert Farren,  migrated to the database.
38200-3020-1	66401	yes		karw	deer	DEER	Matasović,  Ranko. Etymological Dictionary of Proto-Celtic. Indo-European Etymological Dictionaries Online. Edited by Alexander Lubotsky. Brill. Brill Online: http://iedo.brillonline.nl.ludwig.lub.lu.se/dictionaries/content/proto-celtic/index.html;Jehan Lagadec. 1867. Le Catholicon de Iehan de Lagadeuc : dictionnaire breton,  français et latin publié par R. F. Le Men d'après l'édition de Me Auffret de Quoetqueveran. Lorient: Ed. Corfmat.,     note  Date of composition 1464. Source (said to be from 1867) available at http://bibliotheque.idbe-bzh.org/document.php?iddictionnaire-le-catholicon-1867-2830&lfr;Robert Farren,  PIE culture words collection,  2017,     note  Proto-Indo-European culture data compiled by Robert Farren,  migrated to the database.
38200-3014-1	61435	yes		kazh	cat	CAT	Buck,  C.,  D. (1949). A dictionary of selected synonyms in the principal Indo–European languages: a contribution to the history of ideas. Chicago: University of Chicago Press.;Matasović,  Ranko. Etymological Dictionary of Proto-Celtic. Indo-European Etymological Dictionaries Online. Edited by Alexander Lubotsky. Brill. Brill Online: http://iedo.brillonline.nl.ludwig.lub.lu.se/dictionaries/content/proto-celtic/index.html;Robert Farren,  PIE culture words collection,  2017,     note  Proto-Indo-European culture data compiled by Robert Farren,  migrated to the database.
38200-1001-2	26643	yes		kement	all (of a number)	ALL	Blažek,  Václav (2009). ”On the position of Gaulish within Celtic from the point of view of glottochronology”,  Indogermanische Forschungen. 114. Berlin: de Gruyter
38200-1075-2	39014	yes		ken	skin (person's)	SKIN (HUMAN)	Matasović,  Ranko. Etymological Dictionary of Proto-Celtic. Indo-European Etymological Dictionaries Online. Edited by Alexander Lubotsky. Brill. Brill Online: http://iedo.brillonline.nl.ludwig.lub.lu.se/dictionaries/content/proto-celtic/index.html
38200-3054-1	74110	yes		kerc'h	oats	OAT	Matasović,  Ranko. Etymological Dictionary of Proto-Celtic. Indo-European Etymological Dictionaries Online. Edited by Alexander Lubotsky. Brill. Brill Online: http://iedo.brillonline.nl.ludwig.lub.lu.se/dictionaries/content/proto-celtic/index.html;Robert Farren,  PIE culture words collection,  2017,     note  Proto-Indo-European culture data compiled by Robert Farren,  migrated to the database.
38200-1092-1	39033	yes		kerzed	to walk	WALK	The Intercontinental Dictionary Series. ids.clld.org
38200-1018-1	26664	yes		ki	dog	DOG	The Intercontinental Dictionary Series. ids.clld.org;Matasović,  Ranko. Etymological Dictionary of Proto-Celtic. Indo-European Etymological Dictionaries Online. Edited by Alexander Lubotsky. Brill. Brill Online: http://iedo.brillonline.nl.ludwig.lub.lu.se/dictionaries/content/proto-celtic/index.html;Robert Farren,  PIE culture words collection,  2017,     note  Proto-Indo-European culture data compiled by Robert Farren,  migrated to the database.
38200-3021-1	26664	no	twice in the database	ki	dog	DOG	The Intercontinental Dictionary Series. ids.clld.org;Matasović,  Ranko. Etymological Dictionary of Proto-Celtic. Indo-European Etymological Dictionaries Online. Edited by Alexander Lubotsky. Brill. Brill Online: http://iedo.brillonline.nl.ludwig.lub.lu.se/dictionaries/content/proto-celtic/index.html;Robert Farren,  PIE culture words collection,  2017,     note  Proto-Indo-European culture data compiled by Robert Farren,  migrated to the database.
38200-1053-1	32780	no	" no such concept as ""flesh or meat"" in IDS; rather MEAT"	kig	meat/flesh	FLESH OR MEAT	The Intercontinental Dictionary Series. ids.clld.org;Buck,  C.,  D. (1949). A dictionary of selected synonyms in the principal Indo–European languages: a contribution to the history of ideas. Chicago: University of Chicago Press.;Matasović,  Ranko. Etymological Dictionary of Proto-Celtic. Indo-European Etymological Dictionaries Online. Edited by Alexander Lubotsky. Brill. Brill Online: http://iedo.brillonline.nl.ludwig.lub.lu.se/dictionaries/content/proto-celtic/index.html;Robert Farren,  PIE culture words collection,  2017,     note  Proto-Indo-European culture data compiled by Robert Farren,  migrated to the database.
38200-3052-1	32780	yes		kig	meat	MEAT	The Intercontinental Dictionary Series. ids.clld.org;Buck,  C.,  D. (1949). A dictionary of selected synonyms in the principal Indo–European languages: a contribution to the history of ideas. Chicago: University of Chicago Press.;Matasović,  Ranko. Etymological Dictionary of Proto-Celtic. Indo-European Etymological Dictionaries Online. Edited by Alexander Lubotsky. Brill. Brill Online: http://iedo.brillonline.nl.ludwig.lub.lu.se/dictionaries/content/proto-celtic/index.html;Robert Farren,  PIE culture words collection,  2017,     note  Proto-Indo-European culture data compiled by Robert Farren,  migrated to the database.
38200-3065-1	60095	yes		kilhog	rooster	ROOSTER	Buck,  C.,  D. (1949). A dictionary of selected synonyms in the principal Indo–European languages: a contribution to the history of ideas. Chicago: University of Chicago Press.;Matasović,  Ranko. Etymological Dictionary of Proto-Celtic. Indo-European Etymological Dictionaries Online. Edited by Alexander Lubotsky. Brill. Brill Online: http://iedo.brillonline.nl.ludwig.lub.lu.se/dictionaries/content/proto-celtic/index.html;Robert Farren,  PIE culture words collection,  2017,     note  Proto-Indo-European culture data compiled by Robert Farren,  migrated to the database.
38200-3080-4	85811	no	Matasovic: Kleger is heap of rocks (collective), and nothing to do with fruit.	kleger	stone	STONE (OF FRUIT)	Matasović,  Ranko. Etymological Dictionary of Proto-Celtic. Indo-European Etymological Dictionaries Online. Edited by Alexander Lubotsky. Brill. Brill Online: http://iedo.brillonline.nl.ludwig.lub.lu.se/dictionaries/content/proto-celtic/index.html;Robert Farren,  PIE culture words collection,  2017,     note  Proto-Indo-European culture data compiled by Robert Farren,  migrated to the database.
38200-1039-1	32764	yes		kleved	to hear	HEAR	The Intercontinental Dictionary Series. ids.clld.org
38200-3082-1	88294	yes		kleze	sword	SWORD	Michiel de Vaan. Etymological Dictionary of Latin and the other Italic Languages. Indo-European Etymological Dictionaries Online. Edited by Alexander Lubotsky. Brill. Brill Online.;Robert Farren,  PIE culture words collection,  2017,     note  Proto-Indo-European culture data compiled by Robert Farren,  migrated to the database.
38200-1093-2	39036	yes		klouar	warm (of weather)	WARM (OF WEATHER)	The Intercontinental Dictionary Series. ids.clld.org
38200-3093-4	84860	no	Meaning ambiguous; can be forest or material, so concept unclear??	koad	wood	WOOD	Buck,  C.,  D. (1949). A dictionary of selected synonyms in the principal Indo–European languages: a contribution to the history of ideas. Chicago: University of Chicago Press.;Matasović,  Ranko. Etymological Dictionary of Proto-Celtic. Indo-European Etymological Dictionaries Online. Edited by Alexander Lubotsky. Brill. Brill Online: http://iedo.brillonline.nl.ludwig.lub.lu.se/dictionaries/content/proto-celtic/index.html;Robert Farren,  PIE culture words collection,  2017,     note  Proto-Indo-European culture data compiled by Robert Farren,  migrated to the database.
38200-3085-1	70120	no	DiACL translates just as wax; neither Beekes nor Lagadec seem to contain word	koar	wax (bees)	BEESWAX	Robert Beekes (with the assistance of Lucien van Beek). Etymological Dictionary of Greek. Indo-European Etymological Dictionaries Online. Edited by Alexander Lubotsky. Brill. Brill Online.;Jehan Lagadec. 1867. Le Catholicon de Iehan de Lagadeuc : dictionnaire breton,  français et latin publié par R. F. Le Men d'après l'édition de Me Auffret de Quoetqueveran. Lorient: Ed. Corfmat.,     note  Date of composition 1464. Source (said to be from 1867) available at http://bibliotheque.idbe-bzh.org/document.php?iddictionnaire-le-catholicon-1867-2830&lfr;Robert Farren,  PIE culture words collection,  2017,     note  Proto-Indo-European culture data compiled by Robert Farren,  migrated to the database.
38200-3065-2	60307	yes		kog	rooster	ROOSTER	Buck,  C.,  D. (1949). A dictionary of selected synonyms in the principal Indo–European languages: a contribution to the history of ideas. Chicago: University of Chicago Press.;Trésors de la langue francaise informatisées. Centre national de ressources techniques et lexiques. http://www.cnrtl.fr/definition/;Robert Farren,  PIE culture words collection,  2017,     note  Proto-Indo-European culture data compiled by Robert Farren,  migrated to the database.
38200-3062-1	64682	yes		konikl	rabbit	RABBIT	Walde,  Alois. (1910). Lateinische etymologisches Wörterbuch. 2. umgearb. Aufl. Heidelberg: C. Winter;Robert Farren,  PIE culture words collection,  2017,     note  Proto-Indo-European culture data compiled by Robert Farren,  migrated to the database.
38200-3045-2	86825	yes		kontell	knife	KNIFE	Buck,  C.,  D. (1949). A dictionary of selected synonyms in the principal Indo–European languages: a contribution to the history of ideas. Chicago: University of Chicago Press.;Michiel de Vaan. Etymological Dictionary of Latin and the other Italic Languages. Indo-European Etymological Dictionaries Online. Edited by Alexander Lubotsky. Brill. Brill Online.;Robert Farren,  PIE culture words collection,  2017,     note  Proto-Indo-European culture data compiled by Robert Farren,  migrated to the database.
38200-1041-1	32766	yes		korn	horn	HORN (ANATOMY)	The Intercontinental Dictionary Series. ids.clld.org
38200-3017-1	83513	yes		kouevr	copper	COPPER	Buck,  C.,  D. (1949). A dictionary of selected synonyms in the principal Indo–European languages: a contribution to the history of ideas. Chicago: University of Chicago Press.;Robert Farren,  PIE culture words collection,  2017,     note  Proto-Indo-European culture data compiled by Robert Farren,  migrated to the database.
38200-1014-1	26659	yes		koumoulenn	cloud (not fog)	CLOUD	The Intercontinental Dictionary Series. ids.clld.org
38200-1076-1	39015	yes		kousked	to sleep	SLEEP	The Intercontinental Dictionary Series. ids.clld.org
38200-1004-1	26646	yes		kov	belly (abdomen, stomach)	BELLY OR STOMACH	The Intercontinental Dictionary Series. ids.clld.org
38200-1069-1	39007	yes		krenn	round	ROUND	Blažek,  Václav (2009). ”On the position of Gaulish within Celtic from the point of view of glottochronology”,  Indogermanische Forschungen. 114. Berlin: de Gruyter
38200-1007-1	26652	yes		krigiɲ	to bite	BITE	The Intercontinental Dictionary Series. ids.clld.org
38200-1020-2	26667	yes		krin	dry (adj)	DRY	Matasović,  Ranko. Etymological Dictionary of Proto-Celtic. Indo-European Etymological Dictionaries Online. Edited by Alexander Lubotsky. Brill. Brill Online: http://iedo.brillonline.nl.ludwig.lub.lu.se/dictionaries/content/proto-celtic/index.html
38200-1075-1	39013	yes		krohen	skin (person's)	SKIN (HUMAN)	The Intercontinental Dictionary Series. ids.clld.org
38200-1006-2	26651	yes		labous	bird	BIRD	The Intercontinental Dictionary Series. ids.clld.org
38200-3053-1	69011	no	Concept should be MILK (NOUN), not draw milk	laezh	milk	DRAW MILK	Buck,  C.,  D. (1949). A dictionary of selected synonyms in the principal Indo–European languages: a contribution to the history of ideas. Chicago: University of Chicago Press.;Robert Farren,  PIE culture words collection,  2017,     note  Proto-Indo-European culture data compiled by Robert Farren,  migrated to the database.
38200-1025-1	26674	yes		lagad	eye	EYE	The Intercontinental Dictionary Series. ids.clld.org
38200-1050-1	32775	yes		laou, low	louse (lice)	LOUSE	Matasović,  Ranko. Etymological Dictionary of Proto-Celtic. Indo-European Etymological Dictionaries Online. Edited by Alexander Lubotsky. Brill. Brill Online: http://iedo.brillonline.nl.ludwig.lub.lu.se/dictionaries/content/proto-celtic/index.html
38200-3062-2	64746	yes		lapin	rabbit	RABBIT	Trésors de la langue francaise informatisées. Centre national de ressources techniques et lexiques. http://www.cnrtl.fr/definition/;Robert Farren,  PIE culture words collection,  2017,     note  Proto-Indo-European culture data compiled by Robert Farren,  migrated to the database.
38200-1071-1	39009	yes		lavarout, lavared	to say	SAY	Blažek,  Václav (2009). ”On the position of Gaulish within Celtic from the point of view of glottochronology”,  Indogermanische Forschungen. 114. Berlin: de Gruyter
38200-1043-1	32768	yes		lazañ, lahañ	to kill	KILL	The Intercontinental Dictionary Series. ids.clld.org
38200-3049-1	63441	yes		leon	lion	LION	Robert Beekes (with the assistance of Lucien van Beek). Etymological Dictionary of Greek. Indo-European Etymological Dictionaries Online. Edited by Alexander Lubotsky. Brill. Brill Online.;Jehan Lagadec. 1867. Le Catholicon de Iehan de Lagadeuc : dictionnaire breton,  français et latin publié par R. F. Le Men d'après l'édition de Me Auffret de Quoetqueveran. Lorient: Ed. Corfmat.,     note  Date of composition 1464. Source (said to be from 1867) available at http://bibliotheque.idbe-bzh.org/document.php?iddictionnaire-le-catholicon-1867-2830&lfr;Robert Farren,  PIE culture words collection,  2017,     note  Proto-Indo-European culture data compiled by Robert Farren,  migrated to the database.
38200-3047-2	86335	yes		ler	leather	LEATHER	Buck,  C.,  D. (1949). A dictionary of selected synonyms in the principal Indo–European languages: a contribution to the history of ideas. Chicago: University of Chicago Press.;Matasović,  Ranko. Etymological Dictionary of Proto-Celtic. Indo-European Etymological Dictionaries Online. Edited by Alexander Lubotsky. Brill. Brill Online: http://iedo.brillonline.nl.ludwig.lub.lu.se/dictionaries/content/proto-celtic/index.html;Jehan Lagadec. 1867. Le Catholicon de Iehan de Lagadeuc : dictionnaire breton,  français et latin publié par R. F. Le Men d'après l'édition de Me Auffret de Quoetqueveran. Lorient: Ed. Corfmat.,     note  Date of composition 1464. Source (said to be from 1867) available at http://bibliotheque.idbe-bzh.org/document.php?iddictionnaire-le-catholicon-1867-2830&lfr;Robert Farren,  PIE culture words collection,  2017,     note  Proto-Indo-European culture data compiled by Robert Farren,  migrated to the database.
38200-1012-1	26657	yes		leskiñ	to burn (intr.)	BURNING	Blažek,  Václav (2009). ”On the position of Gaulish within Celtic from the point of view of glottochronology”,  Indogermanische Forschungen. 114. Berlin: de Gruyter
38200-3013-1	55368	yes		leue	calf	CALF	Matasović,  Ranko. Etymological Dictionary of Proto-Celtic. Indo-European Etymological Dictionaries Online. Edited by Alexander Lubotsky. Brill. Brill Online: http://iedo.brillonline.nl.ludwig.lub.lu.se/dictionaries/content/proto-celtic/index.html;Robert Farren,  PIE culture words collection,  2017,     note  Proto-Indo-European culture data compiled by Robert Farren,  migrated to the database.
38200-1032-1	26681	yes		leun	full	FULL	The Intercontinental Dictionary Series. ids.clld.org
38200-3080-5	85823	no	Concept is STONE, ROCK not stone of fruit	liac'h	stone	STONE (OF FRUIT)	Matasović,  Ranko. Etymological Dictionary of Proto-Celtic. Indo-European Etymological Dictionaries Online. Edited by Alexander Lubotsky. Brill. Brill Online: http://iedo.brillonline.nl.ludwig.lub.lu.se/dictionaries/content/proto-celtic/index.html;Robert Farren,  PIE culture words collection,  2017,     note  Proto-Indo-European culture data compiled by Robert Farren,  migrated to the database.
38200-1052-1	32778	no	Concept rather much, many as in quantities??	lies	many	BE MANY	Blažek,  Václav (2009). ”On the position of Gaulish within Celtic from the point of view of glottochronology”,  Indogermanische Forschungen. 114. Berlin: de Gruyter
38200-3026-1	76243	no, actually yes	"Can actually confirm mapping, but missing translation ""linen"" for lin"	lin	flax	LINEN	The Intercontinental Dictionary Series. ids.clld.org;Buck,  C.,  D. (1949). A dictionary of selected synonyms in the principal Indo–European languages: a contribution to the history of ideas. Chicago: University of Chicago Press.;Michiel de Vaan. Etymological Dictionary of Latin and the other Italic Languages. Indo-European Etymological Dictionaries Online. Edited by Alexander Lubotsky. Brill. Brill Online.;Walde,  Alois. (1910). Lateinische etymologisches Wörterbuch. 2. umgearb. Aufl. Heidelberg: C. Winter;Robert Farren,  PIE culture words collection,  2017,     note  Proto-Indo-European culture data compiled by Robert Farren,  migrated to the database.
38200-3050-1	63569	no	no such concept as lynx in IDS	lińs	lynx	???	Jehan Lagadec. 1867. Le Catholicon de Iehan de Lagadeuc : dictionnaire breton,  français et latin publié par R. F. Le Men d'après l'édition de Me Auffret de Quoetqueveran. Lorient: Ed. Corfmat.,     note  Date of composition 1464. Source (said to be from 1867) available at http://bibliotheque.idbe-bzh.org/document.php?iddictionnaire-le-catholicon-1867-2830&lfr;Robert Farren,  PIE culture words collection,  2017,     note  Proto-Indo-European culture data compiled by Robert Farren,  migrated to the database.
38200-1054-1	32781	yes		loar	moon	MOON	The Intercontinental Dictionary Series. ids.clld.org
38200-1084-1	39024	yes		lost	tail	TAIL	The Intercontinental Dictionary Series. ids.clld.org
38200-3027-1	64025	yes		louarn, lowern	fox	FOX	Matasović,  Ranko. Etymological Dictionary of Proto-Celtic. Indo-European Etymological Dictionaries Online. Edited by Alexander Lubotsky. Brill. Brill Online: http://iedo.brillonline.nl.ludwig.lub.lu.se/dictionaries/content/proto-celtic/index.html;Robert Farren,  PIE culture words collection,  2017,     note  Proto-Indo-European culture data compiled by Robert Farren,  migrated to the database.
38200-1002-1	26644	yes		ludu	ash(es)	ASH	The Intercontinental Dictionary Series. ids.clld.org
38200-3019-1	81416	no	Actually 3,5 (typo); Matasovic: ma means place in Breton, also no such concept as cultivated field	ma	cultivated field	???	Matasović,  Ranko. Etymological Dictionary of Proto-Celtic. Indo-European Etymological Dictionaries Online. Edited by Alexander Lubotsky. Brill. Brill Online: http://iedo.brillonline.nl.ludwig.lub.lu.se/dictionaries/content/proto-celtic/index.html;Jehan Lagadec. 1867. Le Catholicon de Iehan de Lagadeuc : dictionnaire breton,  français et latin publié par R. F. Le Men d'après l'édition de Me Auffret de Quoetqueveran. Lorient: Ed. Corfmat.,     note  Date of composition 1464. Source (said to be from 1867) available at http://bibliotheque.idbe-bzh.org/document.php?iddictionnaire-le-catholicon-1867-2830&lfr;Robert Farren,  PIE culture words collection,  2017,     note  Proto-Indo-European culture data compiled by Robert Farren,  migrated to the database.
38200-3080-1	39020	no	 Again, concept is rather STONE, ROCK than stone of fruit	maen	stone	STONE (OF FRUIT)	The Intercontinental Dictionary Series. ids.clld.org;Matasović,  Ranko. Etymological Dictionary of Proto-Celtic. Indo-European Etymological Dictionaries Online. Edited by Alexander Lubotsky. Brill. Brill Online: http://iedo.brillonline.nl.ludwig.lub.lu.se/dictionaries/content/proto-celtic/index.html;Griffiths,  Bruce & Dafydd Glyn Jones. Geiriadur yr Academi,  the Welsh Academy English-Welsh Dictionary Online. http://geiriaduracademi.org/?langen;Robert Farren,  PIE culture words collection,  2017,     note  Proto-Indo-European culture data compiled by Robert Farren,  migrated to the database.
38200-1081-1	39020	no	word is twice in the database	maen	stone	STONE (OF FRUIT)	The Intercontinental Dictionary Series. ids.clld.org;Matasović,  Ranko. Etymological Dictionary of Proto-Celtic. Indo-European Etymological Dictionaries Online. Edited by Alexander Lubotsky. Brill. Brill Online: http://iedo.brillonline.nl.ludwig.lub.lu.se/dictionaries/content/proto-celtic/index.html;Griffiths,  Bruce & Dafydd Glyn Jones. Geiriadur yr Academi,  the Welsh Academy English-Welsh Dictionary Online. http://geiriaduracademi.org/?langen;Robert Farren,  PIE culture words collection,  2017,     note  Proto-Indo-European culture data compiled by Robert Farren,  migrated to the database.
38200-3080-6	85880	no	"Meaning is ""standing stone"" (cf. Menhir), Concept is STONE, ROCK"	maen-hir	stone	STONE (OF FRUIT)	Matasović,  Ranko. Etymological Dictionary of Proto-Celtic. Indo-European Etymological Dictionaries Online. Edited by Alexander Lubotsky. Brill. Brill Online: http://iedo.brillonline.nl.ludwig.lub.lu.se/dictionaries/content/proto-celtic/index.html;Griffiths,  Bruce & Dafydd Glyn Jones. Geiriadur yr Academi,  the Welsh Academy English-Welsh Dictionary Online. http://geiriaduracademi.org/?langen;Robert Farren,  PIE culture words collection,  2017,     note  Proto-Indo-European culture data compiled by Robert Farren,  migrated to the database.
38200-3019-2	81418	no	"No concept for ""cultivated field"", translation also implies ""field for cultivation"""	maes	cultivated field	???	Matasović,  Ranko. Etymological Dictionary of Proto-Celtic. Indo-European Etymological Dictionaries Online. Edited by Alexander Lubotsky. Brill. Brill Online: http://iedo.brillonline.nl.ludwig.lub.lu.se/dictionaries/content/proto-celtic/index.html;Jehan Lagadec. 1867. Le Catholicon de Iehan de Lagadeuc : dictionnaire breton,  français et latin publié par R. F. Le Men d'après l'édition de Me Auffret de Quoetqueveran. Lorient: Ed. Corfmat.,     note  Date of composition 1464. Source (said to be from 1867) available at http://bibliotheque.idbe-bzh.org/document.php?iddictionnaire-le-catholicon-1867-2830&lfr;Robert Farren,  PIE culture words collection,  2017,     note  Proto-Indo-European culture data compiled by Robert Farren,  migrated to the database.
38200-1099-1	39043	yes		maouez	woman	WOMAN	Blažek,  Václav (2009). ”On the position of Gaulish within Celtic from the point of view of glottochronology”,  Indogermanische Forschungen. 114. Berlin: de Gruyter
38200-3063-2	58224	yes		maout	ram	RAM	Matasović,  Ranko. Etymological Dictionary of Proto-Celtic. Indo-European Etymological Dictionaries Online. Edited by Alexander Lubotsky. Brill. Brill Online: http://iedo.brillonline.nl.ludwig.lub.lu.se/dictionaries/content/proto-celtic/index.html;Robert Farren,  PIE culture words collection,  2017,     note  Proto-Indo-European culture data compiled by Robert Farren,  migrated to the database.
38200-3040-2	56287	yes		marc'h	horse	HORSE	Matasović,  Ranko. Etymological Dictionary of Proto-Celtic. Indo-European Etymological Dictionaries Online. Edited by Alexander Lubotsky. Brill. Brill Online: http://iedo.brillonline.nl.ludwig.lub.lu.se/dictionaries/content/proto-celtic/index.html;Robert Farren,  PIE culture words collection,  2017,     note  Proto-Indo-European culture data compiled by Robert Farren,  migrated to the database.
38200-3064-3	65875	yes		marc'hvran	raven	RAVEN	Matasović,  Ranko. Etymological Dictionary of Proto-Celtic. Indo-European Etymological Dictionaries Online. Edited by Alexander Lubotsky. Brill. Brill Online: http://iedo.brillonline.nl.ludwig.lub.lu.se/dictionaries/content/proto-celtic/index.html;Robert Farren,  PIE culture words collection,  2017,     note  Proto-Indo-European culture data compiled by Robert Farren,  migrated to the database.
38200-1034-1	32758	yes		mat, mad	good	GOOD	Matasović,  Ranko. Etymological Dictionary of Proto-Celtic. Indo-European Etymological Dictionaries Online. Edited by Alexander Lubotsky. Brill. Brill Online: http://iedo.brillonline.nl.ludwig.lub.lu.se/dictionaries/content/proto-celtic/index.html
38200-1042-1	32767	yes		me	I (1sg)	I	The Intercontinental Dictionary Series. ids.clld.org
38200-3038-1	68733	yes		mel	honey	HONEY	Matasović,  Ranko. Etymological Dictionary of Proto-Celtic. Indo-European Etymological Dictionaries Online. Edited by Alexander Lubotsky. Brill. Brill Online: http://iedo.brillonline.nl.ludwig.lub.lu.se/dictionaries/content/proto-celtic/index.html;Robert Farren,  PIE culture words collection,  2017,     note  Proto-Indo-European culture data compiled by Robert Farren,  migrated to the database.
38200-1100-1	39045	yes		melen	yellow (colour)	YELLOW	The Intercontinental Dictionary Series. ids.clld.org
38200-1055-1	32782	yes		menez	mountain	MOUNTAIN	The Intercontinental Dictionary Series. ids.clld.org
38200-1017-1	26663	yes		mervel, merwel	to die	DIE	Blažek,  Václav (2009). ”On the position of Gaulish within Celtic from the point of view of glottochronology”,  Indogermanische Forschungen. 114. Berlin: de Gruyter
38200-1005-2	26649	yes		meur	big	BIG	Blažek,  Václav (2009). ”On the position of Gaulish within Celtic from the point of view of glottochronology”,  Indogermanische Forschungen. 114. Berlin: de Gruyter
38200-3051-1	69777	yes		mez	mead	MEAD	Matasović,  Ranko. Etymological Dictionary of Proto-Celtic. Indo-European Etymological Dictionaries Online. Edited by Alexander Lubotsky. Brill. Brill Online: http://iedo.brillonline.nl.ludwig.lub.lu.se/dictionaries/content/proto-celtic/index.html;Robert Farren,  PIE culture words collection,  2017,     note  Proto-Indo-European culture data compiled by Robert Farren,  migrated to the database.
38200-3081-2	82636	no	meaning: June, source: Matasovic	Mezeven	summer	SUMMER	Matasović,  Ranko. Etymological Dictionary of Proto-Celtic. Indo-European Etymological Dictionaries Online. Edited by Alexander Lubotsky. Brill. Brill Online: http://iedo.brillonline.nl.ludwig.lub.lu.se/dictionaries/content/proto-celtic/index.html;Robert Farren,  PIE culture words collection,  2017,     note  Proto-Indo-European culture data compiled by Robert Farren,  migrated to the database.
38200-3058-2	59097	yes		moc'h	pig	PIG	Matasović,  Ranko. Etymological Dictionary of Proto-Celtic. Indo-European Etymological Dictionaries Online. Edited by Alexander Lubotsky. Brill. Brill Online: http://iedo.brillonline.nl.ludwig.lub.lu.se/dictionaries/content/proto-celtic/index.html;Robert Farren,  PIE culture words collection,  2017,     note  Proto-Indo-European culture data compiled by Robert Farren,  migrated to the database.
38200-1078-1	39017	no	Concept is SMOKE, not to smoke	moged	smoke (n)	SMOKE (EMIT SMOKE)	The Intercontinental Dictionary Series. ids.clld.org
38200-3074-1	65445	yes		naer	snake	SNAKE	Guus Kroonen. Etymological Dictionary of Proto-Germanic. Indo-European Etymological Dictionaries Online. Edited by Alexander Lubotsky. Brill. Brill Online.;Matasović,  Ranko. Etymological Dictionary of Proto-Celtic. Indo-European Etymological Dictionaries Online. Edited by Alexander Lubotsky. Brill. Brill Online: http://iedo.brillonline.nl.ludwig.lub.lu.se/dictionaries/content/proto-celtic/index.html;Robert Farren,  PIE culture words collection,  2017,     note  Proto-Indo-European culture data compiled by Robert Farren,  migrated to the database.
38200-1062-1	32789	yes		ne…ket, ne	not	NOT	Blažek,  Václav (2009). ”On the position of Gaulish within Celtic from the point of view of glottochronology”,  Indogermanische Forschungen. 114. Berlin: de Gruyter
38200-1083-1	39023	yes		neuñvi, neuial	to swim	SWIM	The Intercontinental Dictionary Series. ids.clld.org
38200-1059-1	32786	yes		nevez	new	NEW	The Intercontinental Dictionary Series. ids.clld.org
38200-3079-1	82593	no	Concept is SPRING (season)	nevez-amzer	spring	SPRING (OF WATER)	Buck,  C.,  D. (1949). A dictionary of selected synonyms in the principal Indo–European languages: a contribution to the history of ideas. Chicago: University of Chicago Press.;Robert Farren,  PIE culture words collection,  2017,     note  Proto-Indo-European culture data compiled by Robert Farren,  migrated to the database.
38200-3078-1	71863	yes		nezañ	to spin (thread)	SPIN	Buck,  C.,  D. (1949). A dictionary of selected synonyms in the principal Indo–European languages: a contribution to the history of ideas. Chicago: University of Chicago Press.;Matasović,  Ranko. Etymological Dictionary of Proto-Celtic. Indo-European Etymological Dictionaries Online. Edited by Alexander Lubotsky. Brill. Brill Online: http://iedo.brillonline.nl.ludwig.lub.lu.se/dictionaries/content/proto-celtic/index.html;Robert Farren,  PIE culture words collection,  2017,     note  Proto-Indo-European culture data compiled by Robert Farren,  migrated to the database.
38200-1095-1	39039	yes		ni	we (1pl)	WE	The Intercontinental Dictionary Series. ids.clld.org
38200-1030-1	26679	yes		nijal	to fly	FLY (MOVE THROUGH AIR)	The Intercontinental Dictionary Series. ids.clld.org
38200-3087-2	73277	no	"Meaning unclear; DiACL says ""to winnow"" (v), Matasovic says ""nephew"""	niz	wheat	WHEAT	Buck,  C.,  D. (1949). A dictionary of selected synonyms in the principal Indo–European languages: a contribution to the history of ideas. Chicago: University of Chicago Press.;Matasović,  Ranko. Etymological Dictionary of Proto-Celtic. Indo-European Etymological Dictionaries Online. Edited by Alexander Lubotsky. Brill. Brill Online: http://iedo.brillonline.nl.ludwig.lub.lu.se/dictionaries/content/proto-celtic/index.html;Robert Farren,  PIE culture words collection,  2017,     note  Proto-Indo-European culture data compiled by Robert Farren,  migrated to the database.
38200-1060-1	32787	yes		noz	night	NIGHT	The Intercontinental Dictionary Series. ids.clld.org
38200-3046-1	58281	yes		oan	lamb	LAMB	Matasović,  Ranko. Etymological Dictionary of Proto-Celtic. Indo-European Etymological Dictionaries Online. Edited by Alexander Lubotsky. Brill. Brill Online: http://iedo.brillonline.nl.ludwig.lub.lu.se/dictionaries/content/proto-celtic/index.html;Robert Farren,  PIE culture words collection,  2017,     note  Proto-Indo-European culture data compiled by Robert Farren,  migrated to the database.
38200-3056-2	55041	no	Matasovic: oc'hen is plural form exclusively, does that still count??	oc'hen	ox	OX	Buck,  C.,  D. (1949). A dictionary of selected synonyms in the principal Indo–European languages: a contribution to the history of ideas. Chicago: University of Chicago Press.;Matasović,  Ranko. Etymological Dictionary of Proto-Celtic. Indo-European Etymological Dictionaries Online. Edited by Alexander Lubotsky. Brill. Brill Online: http://iedo.brillonline.nl.ludwig.lub.lu.se/dictionaries/content/proto-celtic/index.html;Robert Farren,  PIE culture words collection,  2017,     note  Proto-Indo-European culture data compiled by Robert Farren,  migrated to the database.
38200-1001-1	26642	yes		oll	all (of a number)	ALL	The Intercontinental Dictionary Series. ids.clld.org
38200-3076-1	77422	yes		pal	spade	SPADE	Buck,  C.,  D. (1949). A dictionary of selected synonyms in the principal Indo–European languages: a contribution to the history of ideas. Chicago: University of Chicago Press.;Michiel de Vaan. Etymological Dictionary of Latin and the other Italic Languages. Indo-European Etymological Dictionaries Online. Edited by Alexander Lubotsky. Brill. Brill Online.;Robert Farren,  PIE culture words collection,  2017,     note  Proto-Indo-European culture data compiled by Robert Farren,  migrated to the database.
38200-1038-1	32763	yes		penn	head (anatomic)	HEAD	The Intercontinental Dictionary Series. ids.clld.org
38200-1044-1	32769	yes		penn-glin	knee	KNEE	Matasović,  Ranko. Etymological Dictionary of Proto-Celtic. Indo-European Etymological Dictionaries Online. Edited by Alexander Lubotsky. Brill. Brill Online: http://iedo.brillonline.nl.ludwig.lub.lu.se/dictionaries/content/proto-celtic/index.html
38200-1029-1	26678	yes		pesk	fish (n)	FISH	The Intercontinental Dictionary Series. ids.clld.org
38200-1096-1	39040	yes		petra, pe	what?	WHAT	Blažek,  Václav (2009). ”On the position of Gaulish within Celtic from the point of view of glottochronology”,  Indogermanische Forschungen. 114. Berlin: de Gruyter
38200-3047-1	86150	no	DiACL meaning: piece; Buck does not contain this word for leather	pez	leather	LEATHER	Buck,  C.,  D. (1949). A dictionary of selected synonyms in the principal Indo–European languages: a contribution to the history of ideas. Chicago: University of Chicago Press.;Robert Farren,  PIE culture words collection,  2017,     note  Proto-Indo-European culture data compiled by Robert Farren,  migrated to the database.
38200-1098-1	39042	yes		piv, piou	who?	WHO	Blažek,  Václav (2009). ”On the position of Gaulish within Celtic from the point of view of glottochronology”,  Indogermanische Forschungen. 114. Berlin: de Gruyter
38200-1090-2	39031	yes		prenn	tree	TREE	Blažek,  Václav (2009). ”On the position of Gaulish within Celtic from the point of view of glottochronology”,  Indogermanische Forschungen. 114. Berlin: de Gruyter;Buck,  C.,  D. (1949). A dictionary of selected synonyms in the principal Indo–European languages: a contribution to the history of ideas. Chicago: University of Chicago Press.;Matasović,  Ranko. Etymological Dictionary of Proto-Celtic. Indo-European Etymological Dictionaries Online. Edited by Alexander Lubotsky. Brill. Brill Online: http://iedo.brillonline.nl.ludwig.lub.lu.se/dictionaries/content/proto-celtic/index.html;Robert Farren,  PIE culture words collection,  2017,     note  Proto-Indo-European culture data compiled by Robert Farren,  migrated to the database.
38200-3093-1	39031	yes		prenn	wood	WOOD	Blažek,  Václav (2009). ”On the position of Gaulish within Celtic from the point of view of glottochronology”,  Indogermanische Forschungen. 114. Berlin: de Gruyter;Buck,  C.,  D. (1949). A dictionary of selected synonyms in the principal Indo–European languages: a contribution to the history of ideas. Chicago: University of Chicago Press.;Matasović,  Ranko. Etymological Dictionary of Proto-Celtic. Indo-European Etymological Dictionaries Online. Edited by Alexander Lubotsky. Brill. Brill Online: http://iedo.brillonline.nl.ludwig.lub.lu.se/dictionaries/content/proto-celtic/index.html;Robert Farren,  PIE culture words collection,  2017,     note  Proto-Indo-European culture data compiled by Robert Farren,  migrated to the database.
38200-1022-3	26671	yes		pri	earth (soil, ground)	EARTH (SOIL)	Matasović,  Ranko. Etymological Dictionary of Proto-Celtic. Indo-European Etymological Dictionaries Online. Edited by Alexander Lubotsky. Brill. Brill Online: http://iedo.brillonline.nl.ludwig.lub.lu.se/dictionaries/content/proto-celtic/index.html
38200-3029-1	81710	yes		re	furrow	FURROW	Matasović,  Ranko. Etymological Dictionary of Proto-Celtic. Indo-European Etymological Dictionaries Online. Edited by Alexander Lubotsky. Brill. Brill Online: http://iedo.brillonline.nl.ludwig.lub.lu.se/dictionaries/content/proto-celtic/index.html;Robert Farren,  PIE culture words collection,  2017,     note  Proto-Indo-European culture data compiled by Robert Farren,  migrated to the database.
38200-1033-1	32757	yes		reiñ	to give	GIVE	The Intercontinental Dictionary Series. ids.clld.org
38200-3033-2	75948	no	Bunch of grapes or at least plural	rezin	grape	GRAPE	Buck,  C.,  D. (1949). A dictionary of selected synonyms in the principal Indo–European languages: a contribution to the history of ideas. Chicago: University of Chicago Press.;Michiel de Vaan. Etymological Dictionary of Latin and the other Italic Languages. Indo-European Etymological Dictionaries Online. Edited by Alexander Lubotsky. Brill. Brill Online.;Robert Farren,  PIE culture words collection,  2017,     note  Proto-Indo-European culture data compiled by Robert Farren,  migrated to the database.
38200-3033-1	75943	yes		rezinenn	grape	GRAPE	Buck,  C.,  D. (1949). A dictionary of selected synonyms in the principal Indo–European languages: a contribution to the history of ideas. Chicago: University of Chicago Press.;Michiel de Vaan. Etymological Dictionary of Latin and the other Italic Languages. Indo-European Etymological Dictionaries Online. Edited by Alexander Lubotsky. Brill. Brill Online.;Robert Farren,  PIE culture words collection,  2017,     note  Proto-Indo-European culture data compiled by Robert Farren,  migrated to the database.
38200-3080-3	85628	no	Again, concept is ROCK, STONE	roc'h	stone	STONE (OF FRUIT)	Simpson,  J.,  & Weiner,  E. S. 1989. Oxford English dictionary. Oxford: Clarendon Press.;Trésors de la langue francaise informatisées. Centre national de ressources techniques et lexiques. http://www.cnrtl.fr/definition/;Jehan Lagadec. 1867. Le Catholicon de Iehan de Lagadeuc : dictionnaire breton,  français et latin publié par R. F. Le Men d'après l'édition de Me Auffret de Quoetqueveran. Lorient: Ed. Corfmat.,     note  Date of composition 1464. Source (said to be from 1867) available at http://bibliotheque.idbe-bzh.org/document.php?iddictionnaire-le-catholicon-1867-2830&lfr;Robert Farren,  PIE culture words collection,  2017,     note  Proto-Indo-European culture data compiled by Robert Farren,  migrated to the database.
38200-3088-1	80180	yes		rod	wheel	WHEEL	Buck,  C.,  D. (1949). A dictionary of selected synonyms in the principal Indo–European languages: a contribution to the history of ideas. Chicago: University of Chicago Press.;Matasović,  Ranko. Etymological Dictionary of Proto-Celtic. Indo-European Etymological Dictionaries Online. Edited by Alexander Lubotsky. Brill. Brill Online: http://iedo.brillonline.nl.ludwig.lub.lu.se/dictionaries/content/proto-celtic/index.html;Robert Farren,  PIE culture words collection,  2017,     note  Proto-Indo-European culture data compiled by Robert Farren,  migrated to the database.
38200-1003-1	26645	yes		ruskenn	bark (of tree)	BARK	The Intercontinental Dictionary Series. ids.clld.org
38200-1066-1	39004	yes		ruz, ru	red (colour)	RED	The Intercontinental Dictionary Series. ids.clld.org
38200-3003-1	87982	yes		saezh	arrow	ARROW	Buck,  C.,  D. (1949). A dictionary of selected synonyms in the principal Indo–European languages: a contribution to the history of ideas. Chicago: University of Chicago Press.;Michiel de Vaan. Etymological Dictionary of Latin and the other Italic Languages. Indo-European Etymological Dictionaries Online. Edited by Alexander Lubotsky. Brill. Brill Online.;Jehan Lagadec. 1867. Le Catholicon de Iehan de Lagadeuc : dictionnaire breton,  français et latin publié par R. F. Le Men d'après l'édition de Me Auffret de Quoetqueveran. Lorient: Ed. Corfmat.,     note  Date of composition 1464. Source (said to be from 1867) available at http://bibliotheque.idbe-bzh.org/document.php?iddictionnaire-le-catholicon-1867-2830&lfr;Robert Farren,  PIE culture words collection,  2017,     note  Proto-Indo-European culture data compiled by Robert Farren,  migrated to the database.
38200-1020-1	26666	yes		sec'h, hesp	dry (adj)	DRY	Blažek,  Václav (2009). ”On the position of Gaulish within Celtic from the point of view of glottochronology”,  Indogermanische Forschungen. 114. Berlin: de Gruyter
38200-3066-1	73897	yes		segal	rye	RYE	Buck,  C.,  D. (1949). A dictionary of selected synonyms in the principal Indo–European languages: a contribution to the history of ideas. Chicago: University of Chicago Press.;Jehan Lagadec. 1867. Le Catholicon de Iehan de Lagadeuc : dictionnaire breton,  français et latin publié par R. F. Le Men d'après l'édition de Me Auffret de Quoetqueveran. Lorient: Ed. Corfmat.,     note  Date of composition 1464. Source (said to be from 1867) available at http://bibliotheque.idbe-bzh.org/document.php?iddictionnaire-le-catholicon-1867-2830&lfr;Robert Farren,  PIE culture words collection,  2017,     note  Proto-Indo-European culture data compiled by Robert Farren,  migrated to the database.
38200-3045-1	86808	no	"DiACL, Matasovic: meaning is ""to cut"""	skejañ	knife	KNIFE	Matasović,  Ranko. Etymological Dictionary of Proto-Celtic. Indo-European Etymological Dictionaries Online. Edited by Alexander Lubotsky. Brill. Brill Online: http://iedo.brillonline.nl.ludwig.lub.lu.se/dictionaries/content/proto-celtic/index.html;Robert Farren,  PIE culture words collection,  2017,     note  Proto-Indo-European culture data compiled by Robert Farren,  migrated to the database.
38200-1021-1	26668	yes		skouarn	ear	EAR	The Intercontinental Dictionary Series. ids.clld.org
38200-3035-1	64579	yes		skouarneg	hare	HARE	Jehan Lagadec. 1867. Le Catholicon de Iehan de Lagadeuc : dictionnaire breton,  français et latin publié par R. F. Le Men d'après l'édition de Me Auffret de Quoetqueveran. Lorient: Ed. Corfmat.,     note  Date of composition 1464. Source (said to be from 1867) available at http://bibliotheque.idbe-bzh.org/document.php?iddictionnaire-le-catholicon-1867-2830&lfr;Robert Farren,  PIE culture words collection,  2017,     note  Proto-Indo-European culture data compiled by Robert Farren,  migrated to the database.
38200-1080-1	39019	yes		stered, sterenn	star	STAR	Blažek,  Václav (2009). ”On the position of Gaulish within Celtic from the point of view of glottochronology”,  Indogermanische Forschungen. 114. Berlin: de Gruyter
38200-1028-1	26677	yes		tan	fire	FIRE	The Intercontinental Dictionary Series. ids.clld.org
38200-3012-1	43621	yes		tarw	bull	BULL	Matasović,  Ranko. Etymological Dictionary of Proto-Celtic. Indo-European Etymological Dictionaries Online. Edited by Alexander Lubotsky. Brill. Brill Online: http://iedo.brillonline.nl.ludwig.lub.lu.se/dictionaries/content/proto-celtic/index.html;Robert Farren,  PIE culture words collection,  2017,     note  Proto-Indo-European culture data compiled by Robert Farren,  migrated to the database.
38200-1087-1	39027	no	"Translation given in IDS is ""you (singular)"", which should also be the concept??"	te	thou (2sg)	THOU	The Intercontinental Dictionary Series. ids.clld.org
38200-1088-1	39028	yes		teod	tongue (anatomical)	TONGUE	The Intercontinental Dictionary Series. ids.clld.org
38200-1022-1	26669	yes		tir	earth (soil, ground)	EARTH (SOIL)	Blažek,  Václav (2009). ”On the position of Gaulish within Celtic from the point of view of glottochronology”,  Indogermanische Forschungen. 114. Berlin: de Gruyter
38200-1093-1	39035	yes		tomm	warm (of weather)	WARM (OF WEATHER)	Blažek,  Václav (2009). ”On the position of Gaulish within Celtic from the point of view of glottochronology”,  Indogermanische Forschungen. 114. Berlin: de Gruyter
38200-1004-2	26647	yes		tor/teur	belly (abdomen, stomach)	BELLY OR STOMACH	Blažek,  Václav (2009). ”On the position of Gaulish within Celtic from the point of view of glottochronology”,  Indogermanische Forschungen. 114. Berlin: de Gruyter
38200-3089-1	62655	yes		tourc'h	wild boar	WILD BOAR	Matasović,  Ranko. Etymological Dictionary of Proto-Celtic. Indo-European Etymological Dictionaries Online. Edited by Alexander Lubotsky. Brill. Brill Online: http://iedo.brillonline.nl.ludwig.lub.lu.se/dictionaries/content/proto-celtic/index.html;Robert Farren,  PIE culture words collection,  2017,     note  Proto-Indo-European culture data compiled by Robert Farren,  migrated to the database.
38200-3089-2	62660	yes		tourc'h-gouez	wild boar	WILD BOAR	Matasović,  Ranko. Etymological Dictionary of Proto-Celtic. Indo-European Etymological Dictionaries Online. Edited by Alexander Lubotsky. Brill. Brill Online: http://iedo.brillonline.nl.ludwig.lub.lu.se/dictionaries/content/proto-celtic/index.html;Robert Farren,  PIE culture words collection,  2017,     note  Proto-Indo-European culture data compiled by Robert Farren,  migrated to the database.
38200-1070-1	39008	yes		traez	sand	SAND	The Intercontinental Dictionary Series. ids.clld.org
38200-1031-1	26680	yes		troad	foot (not leg)	FOOT	The Intercontinental Dictionary Series. ids.clld.org
38200-1063-1	32790	yes		unan, eun	one	ONE	Blažek,  Václav (2009). ”On the position of Gaulish within Celtic from the point of view of glottochronology”,  Indogermanische Forschungen. 114. Berlin: de Gruyter
38200-1024-1	26673	yes		vi, u	egg	EGG	The Intercontinental Dictionary Series. ids.clld.org
38200-3016-1	60568	yes		yar	chicken	CHICKEN	Buck,  C.,  D. (1949). A dictionary of selected synonyms in the principal Indo–European languages: a contribution to the history of ideas. Chicago: University of Chicago Press.;Matasović,  Ranko. Etymological Dictionary of Proto-Celtic. Indo-European Etymological Dictionaries Online. Edited by Alexander Lubotsky. Brill. Brill Online: http://iedo.brillonline.nl.ludwig.lub.lu.se/dictionaries/content/proto-celtic/index.html;Robert Farren,  PIE culture words collection,  2017,     note  Proto-Indo-European culture data compiled by Robert Farren,  migrated to the database.
38200-1015-1	26660	yes		yen	cold (of weather)	COLD (OF WEATHER)	The Intercontinental Dictionary Series. ids.clld.org
38200-3096-1	79521	yes		yew	yoke	YOKE	Matasović,  Ranko. Etymological Dictionary of Proto-Celtic. Indo-European Etymological Dictionaries Online. Edited by Alexander Lubotsky. Brill. Brill Online: http://iedo.brillonline.nl.ludwig.lub.lu.se/dictionaries/content/proto-celtic/index.html;Robert Farren,  PIE culture words collection,  2017,     note  Proto-Indo-European culture data compiled by Robert Farren,  migrated to the database.
38200-3020-2	67414	yes		yourc'h	deer	DEER	Matasović,  Ranko. Etymological Dictionary of Proto-Celtic. Indo-European Etymological Dictionaries Online. Edited by Alexander Lubotsky. Brill. Brill Online: http://iedo.brillonline.nl.ludwig.lub.lu.se/dictionaries/content/proto-celtic/index.html;Robert Farren,  PIE culture words collection,  2017,     note  Proto-Indo-European culture data compiled by Robert Farren,  migrated to the database.
